-- Incremental data pack generated on 2026-04-04
START TRANSACTION;

INSERT INTO `members` (`id`, `full_name`, `email`, `phone`, `secondary_phone`, `whatsapp`, `designation`, `department_id`, `created_at`, `updated_at`, `avatar_path`) VALUES
(14, 'Arindam Pal', 'arindam.pal@fin.wb.gov', '9000000014', NULL, '9000000014', 'Treasury Reform Specialist', 14, '2026-04-04 10:30:00', '2026-04-04 10:30:00', NULL),
(15, 'Priyanka Sen', 'priyanka.sen@fin.wb.gov', '9000000015', NULL, '9000000015', 'Budget Control Officer', 14, '2026-04-04 10:30:00', '2026-04-04 10:30:00', NULL),
(16, 'Dr. Nabanita Roy', 'nabanita.roy@health.wb.gov', '9000000016', NULL, '9000000016', 'Public Health Program Lead', 19, '2026-04-04 10:30:00', '2026-04-04 10:30:00', NULL),
(17, 'Abhijit Dutta', 'abhijit.dutta@health.wb.gov', '9000000017', NULL, '9000000017', 'Hospital Systems Architect', 19, '2026-04-04 10:30:00', '2026-04-04 10:30:00', NULL),
(18, 'Sreemoyee Ghosh', 'sreemoyee.ghosh@prd.wb.gov', '9000000018', NULL, '9000000018', 'Rural Development Officer', 34, '2026-04-04 10:30:00', '2026-04-04 10:30:00', NULL),
(19, 'Kaushik Nandi', 'kaushik.nandi@prd.wb.gov', '9000000019', NULL, '9000000019', 'Field Coordination Lead', 34, '2026-04-04 10:30:00', '2026-04-04 10:30:00', NULL),
(20, 'Debjit Saha', 'debjit.saha@ite.wb.gov', '9000000020', NULL, '9000000020', 'Solution Architect', 23, '2026-04-04 10:30:00', '2026-04-04 10:30:00', NULL),
(21, 'Moumita Ghosal', 'moumita.ghosal@ite.wb.gov', '9000000021', NULL, '9000000021', 'Data Integration Lead', 23, '2026-04-04 10:30:00', '2026-04-04 10:30:00', NULL),
(22, 'Anirban Mitra', 'anirban.mitra@agr.wb.gov', '9000000022', NULL, '9000000022', 'Agri Systems Specialist', 1, '2026-04-04 10:30:00', '2026-04-04 10:30:00', NULL),
(23, 'Rituparna Das', 'rituparna.das@agr.wb.gov', '9000000023', NULL, '9000000023', 'Monitoring and Evaluation Officer', 1, '2026-04-04 10:30:00', '2026-04-04 10:30:00', NULL);

INSERT INTO `users` (`id`, `member_id`, `username`, `email`, `password_hash`, `department_id`, `vendor_id`, `is_active`, `version`, `created_at`, `updated_at`, `deleted_at`) VALUES
(11, 14, 'arindamp', 'arindam.pal@fin.wb.gov', '$2b$10$5xAOvpNv8KApIicNcsAyu.rw0qzieoUR3F1viAHAG5HvIuWjNeBRu', 14, NULL, 1, 1, '2026-04-04 10:30:00', '2026-04-04 10:30:00', NULL),
(12, 15, 'priyankas', 'priyanka.sen@fin.wb.gov', '$2b$10$5xAOvpNv8KApIicNcsAyu.rw0qzieoUR3F1viAHAG5HvIuWjNeBRu', 14, NULL, 1, 1, '2026-04-04 10:30:00', '2026-04-04 10:30:00', NULL),
(13, 16, 'nabanitar', 'nabanita.roy@health.wb.gov', '$2b$10$5xAOvpNv8KApIicNcsAyu.rw0qzieoUR3F1viAHAG5HvIuWjNeBRu', 19, NULL, 1, 1, '2026-04-04 10:30:00', '2026-04-04 10:30:00', NULL),
(14, 17, 'abhijitd', 'abhijit.dutta@health.wb.gov', '$2b$10$5xAOvpNv8KApIicNcsAyu.rw0qzieoUR3F1viAHAG5HvIuWjNeBRu', 19, NULL, 1, 1, '2026-04-04 10:30:00', '2026-04-04 10:30:00', NULL),
(15, 18, 'sreemoyeeg', 'sreemoyee.ghosh@prd.wb.gov', '$2b$10$5xAOvpNv8KApIicNcsAyu.rw0qzieoUR3F1viAHAG5HvIuWjNeBRu', 34, NULL, 1, 1, '2026-04-04 10:30:00', '2026-04-04 10:30:00', NULL),
(16, 19, 'kaushikn', 'kaushik.nandi@prd.wb.gov', '$2b$10$5xAOvpNv8KApIicNcsAyu.rw0qzieoUR3F1viAHAG5HvIuWjNeBRu', 34, NULL, 1, 1, '2026-04-04 10:30:00', '2026-04-04 10:30:00', NULL),
(17, 20, 'debjits', 'debjit.saha@ite.wb.gov', '$2b$10$5xAOvpNv8KApIicNcsAyu.rw0qzieoUR3F1viAHAG5HvIuWjNeBRu', 23, NULL, 1, 1, '2026-04-04 10:30:00', '2026-04-04 10:30:00', NULL),
(18, 21, 'moumitag', 'moumita.ghosal@ite.wb.gov', '$2b$10$5xAOvpNv8KApIicNcsAyu.rw0qzieoUR3F1viAHAG5HvIuWjNeBRu', 23, NULL, 1, 1, '2026-04-04 10:30:00', '2026-04-04 10:30:00', NULL),
(19, 22, 'anirbanm', 'anirban.mitra@agr.wb.gov', '$2b$10$5xAOvpNv8KApIicNcsAyu.rw0qzieoUR3F1viAHAG5HvIuWjNeBRu', 1, NULL, 1, 1, '2026-04-04 10:30:00', '2026-04-04 10:30:00', NULL),
(20, 23, 'rituparnad', 'rituparna.das@agr.wb.gov', '$2b$10$5xAOvpNv8KApIicNcsAyu.rw0qzieoUR3F1viAHAG5HvIuWjNeBRu', 1, NULL, 1, 1, '2026-04-04 10:30:00', '2026-04-04 10:30:00', NULL);

INSERT INTO `projects` (`id`, `code`, `title`, `description`, `department_id`, `owner_id`, `fin_year`, `budget`, `fund_allocated`, `fund_consumed`, `current_stage_id`, `rag_status`, `rag_manual_override`, `rag_override_reason`, `start_date`, `end_date`, `revised_start_date`, `revised_end_date`, `actual_start_date`, `actual_end_date`, `version`, `created_at`, `updated_at`, `deleted_at`) VALUES
(2, 'AGR26P02', 'Soil Nutrient Intelligence Grid for Delta Blocks', 'Soil Nutrient Intelligence Grid for Delta Blocks will improve operational predictability, reduce manual reconciliation effort, and provide measurable service-level improvements through phased rollout across districts.', 1, 19, '2026-27', 82.00, 46.00, 18.40, 2, 'GREEN', 0, '', '2026-04-12', '2026-11-30', NULL, NULL, NULL, NULL, 1, '2026-04-04 10:30:00', '2026-04-04 10:30:00', NULL),
(3, 'AGR26P03', 'Integrated Pest Surveillance and Rapid Response Network', 'Integrated Pest Surveillance and Rapid Response Network will improve operational predictability, reduce manual reconciliation effort, and provide measurable service-level improvements through phased rollout across districts.', 1, 5, '2026-27', 96.00, 58.00, 36.80, 3, 'AMBER', 0, '', '2026-05-01', '2026-12-20', NULL, NULL, NULL, NULL, 1, '2026-04-04 10:30:00', '2026-04-04 10:30:00', NULL),
(4, 'AGR26P04', 'Irrigation Advisory and Crop Calendar Automation', 'Irrigation Advisory and Crop Calendar Automation will improve operational predictability, reduce manual reconciliation effort, and provide measurable service-level improvements through phased rollout across districts.', 1, 2, '2026-27', 74.00, 41.00, 16.50, 2, 'GREEN', 0, '', '2026-04-22', '2026-10-28', NULL, NULL, NULL, NULL, 1, '2026-04-04 10:30:00', '2026-04-04 10:30:00', NULL),
(5, 'AGR26P05', 'Farmer Entitlement Reconciliation and Payment Tracker', 'Farmer Entitlement Reconciliation and Payment Tracker will improve operational predictability, reduce manual reconciliation effort, and provide measurable service-level improvements through phased rollout across districts.', 1, 20, '2026-27', 68.00, 39.00, 28.70, 4, 'AMBER', 0, '', '2026-03-25', '2026-09-30', NULL, NULL, NULL, NULL, 1, '2026-04-04 10:30:00', '2026-04-04 10:30:00', NULL),
(6, 'AGR26P06', 'District Seed Logistics and Quality Audit Platform', 'District Seed Logistics and Quality Audit Platform will improve operational predictability, reduce manual reconciliation effort, and provide measurable service-level improvements through phased rollout across districts.', 1, 10, '2026-27', 88.00, 49.00, 21.20, 3, 'GREEN', 0, '', '2026-04-18', '2026-11-15', NULL, NULL, NULL, NULL, 1, '2026-04-04 10:30:00', '2026-04-04 10:30:00', NULL),
(7, 'FIN26P01', 'Treasury Payment File Validation and Fraud Signal Engine', 'Treasury Payment File Validation and Fraud Signal Engine will improve operational predictability, reduce manual reconciliation effort, and provide measurable service-level improvements through phased rollout across districts.', 14, 11, '2026-27', 130.00, 79.00, 44.10, 3, 'AMBER', 0, '', '2026-04-05', '2027-01-15', NULL, NULL, NULL, NULL, 1, '2026-04-04 10:30:00', '2026-04-04 10:30:00', NULL),
(8, 'FIN26P02', 'Budget Re-appropriation Workflow and Compliance Ledger', 'Budget Re-appropriation Workflow and Compliance Ledger will improve operational predictability, reduce manual reconciliation effort, and provide measurable service-level improvements through phased rollout across districts.', 14, 12, '2026-27', 112.00, 68.00, 31.00, 2, 'GREEN', 0, '', '2026-04-19', '2026-12-18', NULL, NULL, NULL, NULL, 1, '2026-04-04 10:30:00', '2026-04-04 10:30:00', NULL),
(9, 'FIN26P03', 'Grant Utilization Certificate Auto-Reconciliation', 'Grant Utilization Certificate Auto-Reconciliation will improve operational predictability, reduce manual reconciliation effort, and provide measurable service-level improvements through phased rollout across districts.', 14, 11, '2026-27', 94.00, 54.00, 40.50, 4, 'AMBER', 0, '', '2026-03-28', '2026-11-20', NULL, NULL, NULL, NULL, 1, '2026-04-04 10:30:00', '2026-04-04 10:30:00', NULL),
(10, 'FIN26P04', 'Vendor Bill Lifecycle Digitization for Directorates', 'Vendor Bill Lifecycle Digitization for Directorates will improve operational predictability, reduce manual reconciliation effort, and provide measurable service-level improvements through phased rollout across districts.', 14, 4, '2026-27', 76.00, 43.00, 15.20, 2, 'GREEN', 0, '', '2026-05-02', '2026-10-31', NULL, NULL, NULL, NULL, 1, '2026-04-04 10:30:00', '2026-04-04 10:30:00', NULL),
(11, 'HFW26P01', 'District Hospital Bed Occupancy and Referral Exchange', 'District Hospital Bed Occupancy and Referral Exchange will improve operational predictability, reduce manual reconciliation effort, and provide measurable service-level improvements through phased rollout across districts.', 19, 13, '2026-27', 158.00, 92.00, 56.40, 3, 'AMBER', 0, '', '2026-04-08', '2027-02-10', NULL, NULL, NULL, NULL, 1, '2026-04-04 10:30:00', '2026-04-04 10:30:00', NULL),
(12, 'HFW26P02', 'Cold-Chain Vaccine Visibility and Excursion Control', 'Cold-Chain Vaccine Visibility and Excursion Control will improve operational predictability, reduce manual reconciliation effort, and provide measurable service-level improvements through phased rollout across districts.', 19, 14, '2026-27', 142.00, 84.00, 63.30, 4, 'AMBER', 0, '', '2026-03-20', '2026-12-31', NULL, NULL, NULL, NULL, 1, '2026-04-04 10:30:00', '2026-04-04 10:30:00', NULL),
(13, 'HFW26P03', 'Maternal Health Risk Registry and Outreach Scheduling', 'Maternal Health Risk Registry and Outreach Scheduling will improve operational predictability, reduce manual reconciliation effort, and provide measurable service-level improvements through phased rollout across districts.', 19, 13, '2026-27', 119.00, 71.00, 29.50, 2, 'GREEN', 0, '', '2026-05-12', '2027-01-20', NULL, NULL, NULL, NULL, 1, '2026-04-04 10:30:00', '2026-04-04 10:30:00', NULL),
(14, 'HFW26P04', 'Public Lab Test Turnaround and Sample Traceability', 'Public Lab Test Turnaround and Sample Traceability will improve operational predictability, reduce manual reconciliation effort, and provide measurable service-level improvements through phased rollout across districts.', 19, 3, '2026-27', 102.00, 60.00, 22.80, 2, 'GREEN', 0, '', '2026-05-06', '2026-12-12', NULL, NULL, NULL, NULL, 1, '2026-04-04 10:30:00', '2026-04-04 10:30:00', NULL),
(15, 'ITE26P01', 'State API Gateway Hardening and Observability Upgrade', 'State API Gateway Hardening and Observability Upgrade will improve operational predictability, reduce manual reconciliation effort, and provide measurable service-level improvements through phased rollout across districts.', 23, 8, '2026-27', 175.00, 98.00, 66.70, 4, 'AMBER', 0, '', '2026-03-18', '2027-03-31', NULL, NULL, NULL, NULL, 1, '2026-04-04 10:30:00', '2026-04-04 10:30:00', NULL),
(16, 'ITE26P02', 'Citizen Identity Federation for Unified Service Portals', 'Citizen Identity Federation for Unified Service Portals will improve operational predictability, reduce manual reconciliation effort, and provide measurable service-level improvements through phased rollout across districts.', 23, 17, '2026-27', 188.00, 112.00, 91.00, 5, 'RED', 0, '', '2026-02-28', '2027-04-20', NULL, NULL, NULL, NULL, 1, '2026-04-04 10:30:00', '2026-04-04 10:30:00', NULL),
(17, 'ITE26P03', 'Document E-Sign and Long-term Archival Compliance Stack', 'Document E-Sign and Long-term Archival Compliance Stack will improve operational predictability, reduce manual reconciliation effort, and provide measurable service-level improvements through phased rollout across districts.', 23, 18, '2026-27', 121.00, 74.00, 33.60, 3, 'GREEN', 0, '', '2026-04-25', '2027-01-30', NULL, NULL, NULL, NULL, 1, '2026-04-04 10:30:00', '2026-04-04 10:30:00', NULL),
(18, 'ITE26P04', 'Data Exchange Mesh for Inter-Department Program Dashboards', 'Data Exchange Mesh for Inter-Department Program Dashboards will improve operational predictability, reduce manual reconciliation effort, and provide measurable service-level improvements through phased rollout across districts.', 23, 8, '2026-27', 164.00, 95.00, 52.40, 3, 'AMBER', 0, '', '2026-04-10', '2027-02-14', NULL, NULL, NULL, NULL, 1, '2026-04-04 10:30:00', '2026-04-04 10:30:00', NULL),
(19, 'ITE26P05', 'Zero-Trust Endpoint Rollout for Secretariat Campuses', 'Zero-Trust Endpoint Rollout for Secretariat Campuses will improve operational predictability, reduce manual reconciliation effort, and provide measurable service-level improvements through phased rollout across districts.', 23, 17, '2026-27', 137.00, 77.00, 26.90, 2, 'GREEN', 0, '', '2026-05-18', '2027-01-15', NULL, NULL, NULL, NULL, 1, '2026-04-04 10:30:00', '2026-04-04 10:30:00', NULL),
(20, 'PRD26P01', 'Rural Road Asset Condition Survey and Maintenance Planning', 'Rural Road Asset Condition Survey and Maintenance Planning will improve operational predictability, reduce manual reconciliation effort, and provide measurable service-level improvements through phased rollout across districts.', 34, 15, '2026-27', 92.00, 52.00, 27.00, 3, 'GREEN', 0, '', '2026-04-14', '2026-12-10', NULL, NULL, NULL, NULL, 1, '2026-04-04 10:30:00', '2026-04-04 10:30:00', NULL),
(21, 'PRD26P02', 'Panchayat Work Demand Forecasting for Employment Schemes', 'Panchayat Work Demand Forecasting for Employment Schemes will improve operational predictability, reduce manual reconciliation effort, and provide measurable service-level improvements through phased rollout across districts.', 34, 16, '2026-27', 86.00, 48.00, 35.80, 4, 'AMBER', 0, '', '2026-03-30', '2026-11-25', NULL, NULL, NULL, NULL, 1, '2026-04-04 10:30:00', '2026-04-04 10:30:00', NULL),
(22, 'PRD26P03', 'Drinking Water Source Mapping and Quality Exception Alerts', 'Drinking Water Source Mapping and Quality Exception Alerts will improve operational predictability, reduce manual reconciliation effort, and provide measurable service-level improvements through phased rollout across districts.', 34, 15, '2026-27', 109.00, 61.00, 21.60, 2, 'GREEN', 0, '', '2026-05-04', '2027-01-10', NULL, NULL, NULL, NULL, 1, '2026-04-04 10:30:00', '2026-04-04 10:30:00', NULL),
(23, 'PRD26P04', 'Village Infrastructure Progress Ledger and Geo-photo Audit', 'Village Infrastructure Progress Ledger and Geo-photo Audit will improve operational predictability, reduce manual reconciliation effort, and provide measurable service-level improvements through phased rollout across districts.', 34, 2, '2026-27', 97.00, 56.00, 44.40, 4, 'AMBER', 0, '', '2026-03-24', '2026-12-20', NULL, NULL, NULL, NULL, 1, '2026-04-04 10:30:00', '2026-04-04 10:30:00', NULL);

INSERT INTO `project_members` (`id`, `project_id`, `member_id`, `role`, `created_at`, `updated_at`) VALUES
(12, 2, 22, 'Project Owner', '2026-04-04 10:30:00', '2026-04-04 10:30:00'),
(13, 2, 2, 'Program Lead', '2026-04-04 10:30:00', '2026-04-04 10:30:00'),
(14, 2, 4, 'Domain Specialist', '2026-04-04 10:30:00', '2026-04-04 10:30:00'),
(15, 2, 5, 'Finance Coordinator', '2026-04-04 10:30:00', '2026-04-04 10:30:00'),
(16, 3, 5, 'Project Owner', '2026-04-04 10:30:00', '2026-04-04 10:30:00'),
(17, 3, 2, 'Program Lead', '2026-04-04 10:30:00', '2026-04-04 10:30:00'),
(18, 3, 4, 'Domain Specialist', '2026-04-04 10:30:00', '2026-04-04 10:30:00'),
(19, 3, 13, 'Finance Coordinator', '2026-04-04 10:30:00', '2026-04-04 10:30:00'),
(20, 4, 2, 'Project Owner', '2026-04-04 10:30:00', '2026-04-04 10:30:00'),
(21, 4, 4, 'Program Lead', '2026-04-04 10:30:00', '2026-04-04 10:30:00'),
(22, 4, 5, 'Domain Specialist', '2026-04-04 10:30:00', '2026-04-04 10:30:00'),
(23, 4, 13, 'Finance Coordinator', '2026-04-04 10:30:00', '2026-04-04 10:30:00'),
(24, 5, 23, 'Project Owner', '2026-04-04 10:30:00', '2026-04-04 10:30:00'),
(25, 5, 2, 'Program Lead', '2026-04-04 10:30:00', '2026-04-04 10:30:00'),
(26, 5, 4, 'Domain Specialist', '2026-04-04 10:30:00', '2026-04-04 10:30:00'),
(27, 5, 5, 'Finance Coordinator', '2026-04-04 10:30:00', '2026-04-04 10:30:00'),
(28, 6, 13, 'Project Owner', '2026-04-04 10:30:00', '2026-04-04 10:30:00'),
(29, 6, 2, 'Program Lead', '2026-04-04 10:30:00', '2026-04-04 10:30:00'),
(30, 6, 4, 'Domain Specialist', '2026-04-04 10:30:00', '2026-04-04 10:30:00'),
(31, 6, 5, 'Finance Coordinator', '2026-04-04 10:30:00', '2026-04-04 10:30:00'),
(32, 7, 14, 'Project Owner', '2026-04-04 10:30:00', '2026-04-04 10:30:00'),
(33, 7, 15, 'Program Lead', '2026-04-04 10:30:00', '2026-04-04 10:30:00'),
(34, 7, 4, 'Domain Specialist', '2026-04-04 10:30:00', '2026-04-04 10:30:00'),
(35, 7, 5, 'Finance Coordinator', '2026-04-04 10:30:00', '2026-04-04 10:30:00'),
(36, 8, 15, 'Project Owner', '2026-04-04 10:30:00', '2026-04-04 10:30:00'),
(37, 8, 14, 'Program Lead', '2026-04-04 10:30:00', '2026-04-04 10:30:00'),
(38, 8, 4, 'Domain Specialist', '2026-04-04 10:30:00', '2026-04-04 10:30:00'),
(39, 8, 5, 'Finance Coordinator', '2026-04-04 10:30:00', '2026-04-04 10:30:00'),
(40, 9, 14, 'Project Owner', '2026-04-04 10:30:00', '2026-04-04 10:30:00'),
(41, 9, 15, 'Program Lead', '2026-04-04 10:30:00', '2026-04-04 10:30:00'),
(42, 9, 4, 'Domain Specialist', '2026-04-04 10:30:00', '2026-04-04 10:30:00'),
(43, 9, 5, 'Finance Coordinator', '2026-04-04 10:30:00', '2026-04-04 10:30:00'),
(44, 10, 4, 'Project Owner', '2026-04-04 10:30:00', '2026-04-04 10:30:00'),
(45, 10, 14, 'Program Lead', '2026-04-04 10:30:00', '2026-04-04 10:30:00'),
(46, 10, 15, 'Domain Specialist', '2026-04-04 10:30:00', '2026-04-04 10:30:00'),
(47, 10, 5, 'Finance Coordinator', '2026-04-04 10:30:00', '2026-04-04 10:30:00'),
(48, 11, 16, 'Project Owner', '2026-04-04 10:30:00', '2026-04-04 10:30:00'),
(49, 11, 17, 'Program Lead', '2026-04-04 10:30:00', '2026-04-04 10:30:00'),
(50, 11, 5, 'Domain Specialist', '2026-04-04 10:30:00', '2026-04-04 10:30:00'),
(51, 11, 6, 'Finance Coordinator', '2026-04-04 10:30:00', '2026-04-04 10:30:00'),
(52, 12, 17, 'Project Owner', '2026-04-04 10:30:00', '2026-04-04 10:30:00'),
(53, 12, 16, 'Program Lead', '2026-04-04 10:30:00', '2026-04-04 10:30:00'),
(54, 12, 5, 'Domain Specialist', '2026-04-04 10:30:00', '2026-04-04 10:30:00'),
(55, 12, 6, 'Finance Coordinator', '2026-04-04 10:30:00', '2026-04-04 10:30:00'),
(56, 13, 16, 'Project Owner', '2026-04-04 10:30:00', '2026-04-04 10:30:00'),
(57, 13, 17, 'Program Lead', '2026-04-04 10:30:00', '2026-04-04 10:30:00'),
(58, 13, 5, 'Domain Specialist', '2026-04-04 10:30:00', '2026-04-04 10:30:00'),
(59, 13, 6, 'Finance Coordinator', '2026-04-04 10:30:00', '2026-04-04 10:30:00'),
(60, 14, 3, 'Project Owner', '2026-04-04 10:30:00', '2026-04-04 10:30:00'),
(61, 14, 16, 'Program Lead', '2026-04-04 10:30:00', '2026-04-04 10:30:00'),
(62, 14, 17, 'Domain Specialist', '2026-04-04 10:30:00', '2026-04-04 10:30:00'),
(63, 14, 5, 'Finance Coordinator', '2026-04-04 10:30:00', '2026-04-04 10:30:00'),
(64, 15, 8, 'Project Owner', '2026-04-04 10:30:00', '2026-04-04 10:30:00'),
(65, 15, 20, 'Program Lead', '2026-04-04 10:30:00', '2026-04-04 10:30:00'),
(66, 15, 21, 'Domain Specialist', '2026-04-04 10:30:00', '2026-04-04 10:30:00'),
(67, 15, 13, 'Finance Coordinator', '2026-04-04 10:30:00', '2026-04-04 10:30:00'),
(68, 16, 20, 'Project Owner', '2026-04-04 10:30:00', '2026-04-04 10:30:00'),
(69, 16, 8, 'Program Lead', '2026-04-04 10:30:00', '2026-04-04 10:30:00'),
(70, 16, 21, 'Domain Specialist', '2026-04-04 10:30:00', '2026-04-04 10:30:00'),
(71, 16, 13, 'Finance Coordinator', '2026-04-04 10:30:00', '2026-04-04 10:30:00'),
(72, 17, 21, 'Project Owner', '2026-04-04 10:30:00', '2026-04-04 10:30:00'),
(73, 17, 8, 'Program Lead', '2026-04-04 10:30:00', '2026-04-04 10:30:00'),
(74, 17, 20, 'Domain Specialist', '2026-04-04 10:30:00', '2026-04-04 10:30:00'),
(75, 17, 13, 'Finance Coordinator', '2026-04-04 10:30:00', '2026-04-04 10:30:00'),
(76, 18, 8, 'Project Owner', '2026-04-04 10:30:00', '2026-04-04 10:30:00'),
(77, 18, 20, 'Program Lead', '2026-04-04 10:30:00', '2026-04-04 10:30:00'),
(78, 18, 21, 'Domain Specialist', '2026-04-04 10:30:00', '2026-04-04 10:30:00'),
(79, 18, 13, 'Finance Coordinator', '2026-04-04 10:30:00', '2026-04-04 10:30:00'),
(80, 19, 20, 'Project Owner', '2026-04-04 10:30:00', '2026-04-04 10:30:00'),
(81, 19, 8, 'Program Lead', '2026-04-04 10:30:00', '2026-04-04 10:30:00'),
(82, 19, 21, 'Domain Specialist', '2026-04-04 10:30:00', '2026-04-04 10:30:00'),
(83, 19, 13, 'Finance Coordinator', '2026-04-04 10:30:00', '2026-04-04 10:30:00'),
(84, 20, 18, 'Project Owner', '2026-04-04 10:30:00', '2026-04-04 10:30:00'),
(85, 20, 19, 'Program Lead', '2026-04-04 10:30:00', '2026-04-04 10:30:00'),
(86, 20, 2, 'Domain Specialist', '2026-04-04 10:30:00', '2026-04-04 10:30:00'),
(87, 20, 5, 'Finance Coordinator', '2026-04-04 10:30:00', '2026-04-04 10:30:00'),
(88, 21, 19, 'Project Owner', '2026-04-04 10:30:00', '2026-04-04 10:30:00'),
(89, 21, 18, 'Program Lead', '2026-04-04 10:30:00', '2026-04-04 10:30:00'),
(90, 21, 2, 'Domain Specialist', '2026-04-04 10:30:00', '2026-04-04 10:30:00'),
(91, 21, 5, 'Finance Coordinator', '2026-04-04 10:30:00', '2026-04-04 10:30:00'),
(92, 22, 18, 'Project Owner', '2026-04-04 10:30:00', '2026-04-04 10:30:00'),
(93, 22, 19, 'Program Lead', '2026-04-04 10:30:00', '2026-04-04 10:30:00'),
(94, 22, 2, 'Domain Specialist', '2026-04-04 10:30:00', '2026-04-04 10:30:00'),
(95, 22, 5, 'Finance Coordinator', '2026-04-04 10:30:00', '2026-04-04 10:30:00'),
(96, 23, 2, 'Project Owner', '2026-04-04 10:30:00', '2026-04-04 10:30:00'),
(97, 23, 18, 'Program Lead', '2026-04-04 10:30:00', '2026-04-04 10:30:00'),
(98, 23, 19, 'Domain Specialist', '2026-04-04 10:30:00', '2026-04-04 10:30:00'),
(99, 23, 5, 'Finance Coordinator', '2026-04-04 10:30:00', '2026-04-04 10:30:00');

INSERT INTO `milestones` (`id`, `project_id`, `title`, `due_date`, `status`, `created_at`, `updated_at`, `deleted_at`) VALUES
(3, 2, 'Inception and Baseline Confirmation', '2026-05-17', 'COMPLETE', '2026-04-04 10:30:00', '2026-04-04 10:30:00', NULL),
(4, 2, 'Process and Architecture Blueprint', '2026-07-11', 'IN_PROGRESS', '2026-04-04 10:30:00', '2026-04-04 10:30:00', NULL),
(5, 3, 'Process and Architecture Blueprint', '2026-06-06', 'PENDING', '2026-04-04 10:30:00', '2026-04-04 10:30:00', NULL),
(6, 3, 'Implementation and Integration', '2026-07-31', 'PENDING', '2026-04-04 10:30:00', '2026-04-04 10:30:00', NULL),
(7, 4, 'Implementation and Integration', '2026-05-29', 'PENDING', '2026-04-04 10:30:00', '2026-04-04 10:30:00', NULL),
(8, 4, 'Pilot Rollout and Stabilization', '2026-07-23', 'PENDING', '2026-04-04 10:30:00', '2026-04-04 10:30:00', NULL),
(9, 5, 'Pilot Rollout and Stabilization', '2026-05-02', 'PENDING', '2026-04-04 10:30:00', '2026-04-04 10:30:00', NULL),
(10, 5, 'Statewide Handover and Audit Closure', '2026-06-26', 'IN_PROGRESS', '2026-04-04 10:30:00', '2026-04-04 10:30:00', NULL),
(11, 6, 'Statewide Handover and Audit Closure', '2026-05-27', 'COMPLETE', '2026-04-04 10:30:00', '2026-04-04 10:30:00', NULL),
(12, 6, 'Inception and Baseline Confirmation', '2026-07-21', 'PENDING', '2026-04-04 10:30:00', '2026-04-04 10:30:00', NULL),
(13, 7, 'Inception and Baseline Confirmation', '2026-05-15', 'PENDING', '2026-04-04 10:30:00', '2026-04-04 10:30:00', NULL),
(14, 7, 'Process and Architecture Blueprint', '2026-07-09', 'PENDING', '2026-04-04 10:30:00', '2026-04-04 10:30:00', NULL),
(15, 8, 'Process and Architecture Blueprint', '2026-05-30', 'PENDING', '2026-04-04 10:30:00', '2026-04-04 10:30:00', NULL),
(16, 8, 'Implementation and Integration', '2026-07-24', 'IN_PROGRESS', '2026-04-04 10:30:00', '2026-04-04 10:30:00', NULL),
(17, 9, 'Implementation and Integration', '2026-05-09', 'PENDING', '2026-04-04 10:30:00', '2026-04-04 10:30:00', NULL),
(18, 9, 'Pilot Rollout and Stabilization', '2026-07-03', 'PENDING', '2026-04-04 10:30:00', '2026-04-04 10:30:00', NULL),
(19, 10, 'Pilot Rollout and Stabilization', '2026-06-14', 'COMPLETE', '2026-04-04 10:30:00', '2026-04-04 10:30:00', NULL),
(20, 10, 'Statewide Handover and Audit Closure', '2026-08-08', 'PENDING', '2026-04-04 10:30:00', '2026-04-04 10:30:00', NULL),
(21, 11, 'Statewide Handover and Audit Closure', '2026-05-13', 'PENDING', '2026-04-04 10:30:00', '2026-04-04 10:30:00', NULL),
(22, 11, 'Inception and Baseline Confirmation', '2026-07-07', 'IN_PROGRESS', '2026-04-04 10:30:00', '2026-04-04 10:30:00', NULL),
(23, 12, 'Inception and Baseline Confirmation', '2026-04-25', 'PENDING', '2026-04-04 10:30:00', '2026-04-04 10:30:00', NULL),
(24, 12, 'Process and Architecture Blueprint', '2026-06-19', 'PENDING', '2026-04-04 10:30:00', '2026-04-04 10:30:00', NULL),
(25, 13, 'Process and Architecture Blueprint', '2026-06-18', 'PENDING', '2026-04-04 10:30:00', '2026-04-04 10:30:00', NULL),
(26, 13, 'Implementation and Integration', '2026-08-12', 'PENDING', '2026-04-04 10:30:00', '2026-04-04 10:30:00', NULL),
(27, 14, 'Implementation and Integration', '2026-06-13', 'COMPLETE', '2026-04-04 10:30:00', '2026-04-04 10:30:00', NULL),
(28, 14, 'Pilot Rollout and Stabilization', '2026-08-07', 'IN_PROGRESS', '2026-04-04 10:30:00', '2026-04-04 10:30:00', NULL),
(29, 15, 'Pilot Rollout and Stabilization', '2026-04-26', 'PENDING', '2026-04-04 10:30:00', '2026-04-04 10:30:00', NULL),
(30, 15, 'Statewide Handover and Audit Closure', '2026-06-20', 'PENDING', '2026-04-04 10:30:00', '2026-04-04 10:30:00', NULL),
(31, 16, 'Statewide Handover and Audit Closure', '2026-04-09', 'PENDING', '2026-04-04 10:30:00', '2026-04-04 10:30:00', NULL),
(32, 16, 'Inception and Baseline Confirmation', '2026-06-03', 'PENDING', '2026-04-04 10:30:00', '2026-04-04 10:30:00', NULL),
(33, 17, 'Inception and Baseline Confirmation', '2026-06-05', 'PENDING', '2026-04-04 10:30:00', '2026-04-04 10:30:00', NULL),
(34, 17, 'Process and Architecture Blueprint', '2026-07-30', 'IN_PROGRESS', '2026-04-04 10:30:00', '2026-04-04 10:30:00', NULL),
(35, 18, 'Process and Architecture Blueprint', '2026-05-22', 'COMPLETE', '2026-04-04 10:30:00', '2026-04-04 10:30:00', NULL),
(36, 18, 'Implementation and Integration', '2026-07-16', 'PENDING', '2026-04-04 10:30:00', '2026-04-04 10:30:00', NULL),
(37, 19, 'Implementation and Integration', '2026-06-30', 'PENDING', '2026-04-04 10:30:00', '2026-04-04 10:30:00', NULL),
(38, 19, 'Pilot Rollout and Stabilization', '2026-08-24', 'PENDING', '2026-04-04 10:30:00', '2026-04-04 10:30:00', NULL),
(39, 20, 'Pilot Rollout and Stabilization', '2026-05-19', 'PENDING', '2026-04-04 10:30:00', '2026-04-04 10:30:00', NULL),
(40, 20, 'Statewide Handover and Audit Closure', '2026-07-13', 'IN_PROGRESS', '2026-04-04 10:30:00', '2026-04-04 10:30:00', NULL),
(41, 21, 'Statewide Handover and Audit Closure', '2026-05-05', 'PENDING', '2026-04-04 10:30:00', '2026-04-04 10:30:00', NULL),
(42, 22, 'Inception and Baseline Confirmation', '2026-06-10', 'COMPLETE', '2026-04-04 10:30:00', '2026-04-04 10:30:00', NULL),
(43, 23, 'Process and Architecture Blueprint', '2026-05-01', 'IN_PROGRESS', '2026-04-04 10:30:00', '2026-04-04 10:30:00', NULL);

INSERT INTO `tasks` (`id`, `milestone_id`, `title`, `description`, `owner_id`, `sla_hours`, `due_date`, `status`, `dependencies`, `created_at`, `updated_at`, `version`, `priority`, `deleted_at`) VALUES
(4, 3, 'Consolidate stakeholder baseline matrix - AGR26P02', 'Compile district-level baseline indicators, approval points, and reporting cadence.', 19, 24, '2026-04-29 10:00:00', 'DONE', '[]', '2026-04-04 10:30:00', '2026-04-04 10:30:00', 1, 'LOW', NULL),
(5, 3, 'Publish functional specification - AGR26P02', 'Freeze workflows, exception paths, and approval responsibilities in signed specification.', 2, 32, '2026-05-03 10:00:00', 'DONE', '[]', '2026-04-04 10:30:00', '2026-04-04 10:30:00', 1, 'MEDIUM', NULL),
(6, 3, 'Configure integration interfaces - AGR26P02', 'Implement and validate secure data exchange contracts with upstream systems.', 4, 40, '2026-05-07 10:00:00', 'IN_PROGRESS', '[]', '2026-04-04 10:30:00', '2026-04-04 10:30:00', 1, 'MEDIUM', NULL),
(7, 3, 'Execute pilot runbook - AGR26P02', 'Run controlled pilot, log incidents, and apply hardening fixes before scale-up.', 5, 48, '2026-05-11 10:00:00', 'OPEN', '[]', '2026-04-04 10:30:00', '2026-04-04 10:30:00', 1, 'HIGH', NULL),
(8, 3, 'Complete compliance dossier - AGR26P02', 'Prepare security, audit, and operational handover documentation for final acceptance.', 8, 56, '2026-05-15 10:00:00', 'OPEN', '[]', '2026-04-04 10:30:00', '2026-04-04 10:30:00', 1, 'HIGH', NULL),
(9, 4, 'Consolidate stakeholder baseline matrix - AGR26P02', 'Compile district-level baseline indicators, approval points, and reporting cadence.', 2, 24, '2026-06-23 10:00:00', 'DONE', '[]', '2026-04-04 10:30:00', '2026-04-04 10:30:00', 1, 'LOW', NULL),
(10, 4, 'Publish functional specification - AGR26P02', 'Freeze workflows, exception paths, and approval responsibilities in signed specification.', 4, 32, '2026-06-27 10:00:00', 'DONE', '[]', '2026-04-04 10:30:00', '2026-04-04 10:30:00', 1, 'MEDIUM', NULL),
(11, 4, 'Configure integration interfaces - AGR26P02', 'Implement and validate secure data exchange contracts with upstream systems.', 5, 40, '2026-07-01 10:00:00', 'IN_PROGRESS', '[]', '2026-04-04 10:30:00', '2026-04-04 10:30:00', 1, 'MEDIUM', NULL),
(12, 4, 'Execute pilot runbook - AGR26P02', 'Run controlled pilot, log incidents, and apply hardening fixes before scale-up.', 8, 48, '2026-07-05 10:00:00', 'OPEN', '[]', '2026-04-04 10:30:00', '2026-04-04 10:30:00', 1, 'HIGH', NULL),
(13, 4, 'Complete compliance dossier - AGR26P02', 'Prepare security, audit, and operational handover documentation for final acceptance.', 11, 56, '2026-07-09 10:00:00', 'OPEN', '[]', '2026-04-04 10:30:00', '2026-04-04 10:30:00', 1, 'HIGH', NULL),
(14, 5, 'Consolidate stakeholder baseline matrix - AGR26P03', 'Compile district-level baseline indicators, approval points, and reporting cadence.', 2, 24, '2026-05-19 10:00:00', 'DONE', '[]', '2026-04-04 10:30:00', '2026-04-04 10:30:00', 1, 'LOW', NULL),
(15, 5, 'Publish functional specification - AGR26P03', 'Freeze workflows, exception paths, and approval responsibilities in signed specification.', 4, 32, '2026-05-23 10:00:00', 'DONE', '[]', '2026-04-04 10:30:00', '2026-04-04 10:30:00', 1, 'MEDIUM', NULL),
(16, 5, 'Configure integration interfaces - AGR26P03', 'Implement and validate secure data exchange contracts with upstream systems.', 5, 40, '2026-05-27 10:00:00', 'IN_PROGRESS', '[]', '2026-04-04 10:30:00', '2026-04-04 10:30:00', 1, 'MEDIUM', NULL),
(17, 5, 'Execute pilot runbook - AGR26P03', 'Run controlled pilot, log incidents, and apply hardening fixes before scale-up.', 8, 48, '2026-05-31 10:00:00', 'OPEN', '[]', '2026-04-04 10:30:00', '2026-04-04 10:30:00', 1, 'HIGH', NULL),
(18, 5, 'Complete compliance dossier - AGR26P03', 'Prepare security, audit, and operational handover documentation for final acceptance.', 11, 56, '2026-06-04 10:00:00', 'BLOCKED', '[]', '2026-04-04 10:30:00', '2026-04-04 10:30:00', 1, 'HIGH', NULL),
(19, 6, 'Consolidate stakeholder baseline matrix - AGR26P03', 'Compile district-level baseline indicators, approval points, and reporting cadence.', 4, 24, '2026-07-13 10:00:00', 'DONE', '[]', '2026-04-04 10:30:00', '2026-04-04 10:30:00', 1, 'LOW', NULL),
(20, 6, 'Publish functional specification - AGR26P03', 'Freeze workflows, exception paths, and approval responsibilities in signed specification.', 5, 32, '2026-07-17 10:00:00', 'DONE', '[]', '2026-04-04 10:30:00', '2026-04-04 10:30:00', 1, 'MEDIUM', NULL),
(21, 6, 'Configure integration interfaces - AGR26P03', 'Implement and validate secure data exchange contracts with upstream systems.', 8, 40, '2026-07-21 10:00:00', 'IN_PROGRESS', '[]', '2026-04-04 10:30:00', '2026-04-04 10:30:00', 1, 'MEDIUM', NULL),
(22, 6, 'Execute pilot runbook - AGR26P03', 'Run controlled pilot, log incidents, and apply hardening fixes before scale-up.', 11, 48, '2026-07-25 10:00:00', 'OPEN', '[]', '2026-04-04 10:30:00', '2026-04-04 10:30:00', 1, 'HIGH', NULL),
(23, 6, 'Complete compliance dossier - AGR26P03', 'Prepare security, audit, and operational handover documentation for final acceptance.', 13, 56, '2026-07-29 10:00:00', 'BLOCKED', '[]', '2026-04-04 10:30:00', '2026-04-04 10:30:00', 1, 'HIGH', NULL),
(24, 7, 'Consolidate stakeholder baseline matrix - AGR26P04', 'Compile district-level baseline indicators, approval points, and reporting cadence.', 4, 24, '2026-05-11 10:00:00', 'DONE', '[]', '2026-04-04 10:30:00', '2026-04-04 10:30:00', 1, 'LOW', NULL),
(25, 7, 'Publish functional specification - AGR26P04', 'Freeze workflows, exception paths, and approval responsibilities in signed specification.', 5, 32, '2026-05-15 10:00:00', 'DONE', '[]', '2026-04-04 10:30:00', '2026-04-04 10:30:00', 1, 'MEDIUM', NULL),
(26, 7, 'Configure integration interfaces - AGR26P04', 'Implement and validate secure data exchange contracts with upstream systems.', 8, 40, '2026-05-19 10:00:00', 'IN_PROGRESS', '[]', '2026-04-04 10:30:00', '2026-04-04 10:30:00', 1, 'MEDIUM', NULL),
(27, 7, 'Execute pilot runbook - AGR26P04', 'Run controlled pilot, log incidents, and apply hardening fixes before scale-up.', 11, 48, '2026-05-23 10:00:00', 'OPEN', '[]', '2026-04-04 10:30:00', '2026-04-04 10:30:00', 1, 'HIGH', NULL),
(28, 7, 'Complete compliance dossier - AGR26P04', 'Prepare security, audit, and operational handover documentation for final acceptance.', 13, 56, '2026-05-27 10:00:00', 'BLOCKED', '[]', '2026-04-04 10:30:00', '2026-04-04 10:30:00', 1, 'HIGH', NULL),
(29, 8, 'Consolidate stakeholder baseline matrix - AGR26P04', 'Compile district-level baseline indicators, approval points, and reporting cadence.', 5, 24, '2026-07-05 10:00:00', 'DONE', '[]', '2026-04-04 10:30:00', '2026-04-04 10:30:00', 1, 'LOW', NULL),
(30, 8, 'Publish functional specification - AGR26P04', 'Freeze workflows, exception paths, and approval responsibilities in signed specification.', 8, 32, '2026-07-09 10:00:00', 'DONE', '[]', '2026-04-04 10:30:00', '2026-04-04 10:30:00', 1, 'MEDIUM', NULL),
(31, 8, 'Configure integration interfaces - AGR26P04', 'Implement and validate secure data exchange contracts with upstream systems.', 11, 40, '2026-07-13 10:00:00', 'IN_PROGRESS', '[]', '2026-04-04 10:30:00', '2026-04-04 10:30:00', 1, 'MEDIUM', NULL),
(32, 8, 'Execute pilot runbook - AGR26P04', 'Run controlled pilot, log incidents, and apply hardening fixes before scale-up.', 13, 48, '2026-07-17 10:00:00', 'OPEN', '[]', '2026-04-04 10:30:00', '2026-04-04 10:30:00', 1, 'HIGH', NULL),
(33, 8, 'Complete compliance dossier - AGR26P04', 'Prepare security, audit, and operational handover documentation for final acceptance.', 15, 56, '2026-07-21 10:00:00', 'BLOCKED', '[]', '2026-04-04 10:30:00', '2026-04-04 10:30:00', 1, 'HIGH', NULL),
(34, 9, 'Consolidate stakeholder baseline matrix - AGR26P05', 'Compile district-level baseline indicators, approval points, and reporting cadence.', 5, 24, '2026-04-14 10:00:00', 'DONE', '[]', '2026-04-04 10:30:00', '2026-04-04 10:30:00', 1, 'LOW', NULL),
(35, 9, 'Publish functional specification - AGR26P05', 'Freeze workflows, exception paths, and approval responsibilities in signed specification.', 8, 32, '2026-04-18 10:00:00', 'DONE', '[]', '2026-04-04 10:30:00', '2026-04-04 10:30:00', 1, 'MEDIUM', NULL),
(36, 9, 'Configure integration interfaces - AGR26P05', 'Implement and validate secure data exchange contracts with upstream systems.', 11, 40, '2026-04-22 10:00:00', 'IN_PROGRESS', '[]', '2026-04-04 10:30:00', '2026-04-04 10:30:00', 1, 'MEDIUM', NULL),
(37, 9, 'Execute pilot runbook - AGR26P05', 'Run controlled pilot, log incidents, and apply hardening fixes before scale-up.', 13, 48, '2026-04-26 10:00:00', 'OPEN', '[]', '2026-04-04 10:30:00', '2026-04-04 10:30:00', 1, 'HIGH', NULL),
(38, 9, 'Complete compliance dossier - AGR26P05', 'Prepare security, audit, and operational handover documentation for final acceptance.', 15, 56, '2026-04-30 10:00:00', 'BLOCKED', '[]', '2026-04-04 10:30:00', '2026-04-04 10:30:00', 1, 'HIGH', NULL),
(39, 10, 'Consolidate stakeholder baseline matrix - AGR26P05', 'Compile district-level baseline indicators, approval points, and reporting cadence.', 8, 24, '2026-06-08 10:00:00', 'DONE', '[]', '2026-04-04 10:30:00', '2026-04-04 10:30:00', 1, 'LOW', NULL),
(40, 10, 'Publish functional specification - AGR26P05', 'Freeze workflows, exception paths, and approval responsibilities in signed specification.', 11, 32, '2026-06-12 10:00:00', 'DONE', '[]', '2026-04-04 10:30:00', '2026-04-04 10:30:00', 1, 'MEDIUM', NULL),
(41, 10, 'Configure integration interfaces - AGR26P05', 'Implement and validate secure data exchange contracts with upstream systems.', 13, 40, '2026-06-16 10:00:00', 'IN_PROGRESS', '[]', '2026-04-04 10:30:00', '2026-04-04 10:30:00', 1, 'MEDIUM', NULL),
(42, 10, 'Execute pilot runbook - AGR26P05', 'Run controlled pilot, log incidents, and apply hardening fixes before scale-up.', 15, 48, '2026-06-20 10:00:00', 'OPEN', '[]', '2026-04-04 10:30:00', '2026-04-04 10:30:00', 1, 'HIGH', NULL),
(43, 10, 'Complete compliance dossier - AGR26P05', 'Prepare security, audit, and operational handover documentation for final acceptance.', 17, 56, '2026-06-24 10:00:00', 'BLOCKED', '[]', '2026-04-04 10:30:00', '2026-04-04 10:30:00', 1, 'HIGH', NULL),
(44, 11, 'Consolidate stakeholder baseline matrix - AGR26P06', 'Compile district-level baseline indicators, approval points, and reporting cadence.', 8, 24, '2026-05-09 10:00:00', 'DONE', '[]', '2026-04-04 10:30:00', '2026-04-04 10:30:00', 1, 'LOW', NULL),
(45, 11, 'Publish functional specification - AGR26P06', 'Freeze workflows, exception paths, and approval responsibilities in signed specification.', 11, 32, '2026-05-13 10:00:00', 'DONE', '[]', '2026-04-04 10:30:00', '2026-04-04 10:30:00', 1, 'MEDIUM', NULL),
(46, 11, 'Configure integration interfaces - AGR26P06', 'Implement and validate secure data exchange contracts with upstream systems.', 13, 40, '2026-05-17 10:00:00', 'IN_PROGRESS', '[]', '2026-04-04 10:30:00', '2026-04-04 10:30:00', 1, 'MEDIUM', NULL),
(47, 11, 'Execute pilot runbook - AGR26P06', 'Run controlled pilot, log incidents, and apply hardening fixes before scale-up.', 15, 48, '2026-05-21 10:00:00', 'OPEN', '[]', '2026-04-04 10:30:00', '2026-04-04 10:30:00', 1, 'HIGH', NULL),
(48, 11, 'Complete compliance dossier - AGR26P06', 'Prepare security, audit, and operational handover documentation for final acceptance.', 17, 56, '2026-05-25 10:00:00', 'BLOCKED', '[]', '2026-04-04 10:30:00', '2026-04-04 10:30:00', 1, 'HIGH', NULL),
(49, 12, 'Consolidate stakeholder baseline matrix - AGR26P06', 'Compile district-level baseline indicators, approval points, and reporting cadence.', 11, 24, '2026-07-03 10:00:00', 'DONE', '[]', '2026-04-04 10:30:00', '2026-04-04 10:30:00', 1, 'LOW', NULL),
(50, 12, 'Publish functional specification - AGR26P06', 'Freeze workflows, exception paths, and approval responsibilities in signed specification.', 13, 32, '2026-07-07 10:00:00', 'DONE', '[]', '2026-04-04 10:30:00', '2026-04-04 10:30:00', 1, 'MEDIUM', NULL),
(51, 12, 'Configure integration interfaces - AGR26P06', 'Implement and validate secure data exchange contracts with upstream systems.', 15, 40, '2026-07-11 10:00:00', 'IN_PROGRESS', '[]', '2026-04-04 10:30:00', '2026-04-04 10:30:00', 1, 'MEDIUM', NULL),
(52, 12, 'Execute pilot runbook - AGR26P06', 'Run controlled pilot, log incidents, and apply hardening fixes before scale-up.', 17, 48, '2026-07-15 10:00:00', 'OPEN', '[]', '2026-04-04 10:30:00', '2026-04-04 10:30:00', 1, 'HIGH', NULL),
(53, 12, 'Complete compliance dossier - AGR26P06', 'Prepare security, audit, and operational handover documentation for final acceptance.', 19, 56, '2026-07-19 10:00:00', 'BLOCKED', '[]', '2026-04-04 10:30:00', '2026-04-04 10:30:00', 1, 'HIGH', NULL),
(54, 13, 'Consolidate stakeholder baseline matrix - FIN26P01', 'Compile district-level baseline indicators, approval points, and reporting cadence.', 11, 24, '2026-04-27 10:00:00', 'DONE', '[]', '2026-04-04 10:30:00', '2026-04-04 10:30:00', 1, 'LOW', NULL),
(55, 13, 'Publish functional specification - FIN26P01', 'Freeze workflows, exception paths, and approval responsibilities in signed specification.', 13, 32, '2026-05-01 10:00:00', 'DONE', '[]', '2026-04-04 10:30:00', '2026-04-04 10:30:00', 1, 'MEDIUM', NULL),
(56, 13, 'Configure integration interfaces - FIN26P01', 'Implement and validate secure data exchange contracts with upstream systems.', 15, 40, '2026-05-05 10:00:00', 'IN_PROGRESS', '[]', '2026-04-04 10:30:00', '2026-04-04 10:30:00', 1, 'MEDIUM', NULL),
(57, 13, 'Execute pilot runbook - FIN26P01', 'Run controlled pilot, log incidents, and apply hardening fixes before scale-up.', 17, 48, '2026-05-09 10:00:00', 'OPEN', '[]', '2026-04-04 10:30:00', '2026-04-04 10:30:00', 1, 'HIGH', NULL),
(58, 13, 'Complete compliance dossier - FIN26P01', 'Prepare security, audit, and operational handover documentation for final acceptance.', 19, 56, '2026-05-13 10:00:00', 'OPEN', '[]', '2026-04-04 10:30:00', '2026-04-04 10:30:00', 1, 'HIGH', NULL),
(59, 14, 'Consolidate stakeholder baseline matrix - FIN26P01', 'Compile district-level baseline indicators, approval points, and reporting cadence.', 13, 24, '2026-06-21 10:00:00', 'DONE', '[]', '2026-04-04 10:30:00', '2026-04-04 10:30:00', 1, 'LOW', NULL),
(60, 14, 'Publish functional specification - FIN26P01', 'Freeze workflows, exception paths, and approval responsibilities in signed specification.', 15, 32, '2026-06-25 10:00:00', 'DONE', '[]', '2026-04-04 10:30:00', '2026-04-04 10:30:00', 1, 'MEDIUM', NULL),
(61, 14, 'Configure integration interfaces - FIN26P01', 'Implement and validate secure data exchange contracts with upstream systems.', 17, 40, '2026-06-29 10:00:00', 'IN_PROGRESS', '[]', '2026-04-04 10:30:00', '2026-04-04 10:30:00', 1, 'MEDIUM', NULL),
(62, 14, 'Execute pilot runbook - FIN26P01', 'Run controlled pilot, log incidents, and apply hardening fixes before scale-up.', 19, 48, '2026-07-03 10:00:00', 'OPEN', '[]', '2026-04-04 10:30:00', '2026-04-04 10:30:00', 1, 'HIGH', NULL),
(63, 14, 'Complete compliance dossier - FIN26P01', 'Prepare security, audit, and operational handover documentation for final acceptance.', 20, 56, '2026-07-07 10:00:00', 'OPEN', '[]', '2026-04-04 10:30:00', '2026-04-04 10:30:00', 1, 'HIGH', NULL),
(64, 15, 'Consolidate stakeholder baseline matrix - FIN26P02', 'Compile district-level baseline indicators, approval points, and reporting cadence.', 13, 24, '2026-05-12 10:00:00', 'DONE', '[]', '2026-04-04 10:30:00', '2026-04-04 10:30:00', 1, 'LOW', NULL),
(65, 15, 'Publish functional specification - FIN26P02', 'Freeze workflows, exception paths, and approval responsibilities in signed specification.', 15, 32, '2026-05-16 10:00:00', 'DONE', '[]', '2026-04-04 10:30:00', '2026-04-04 10:30:00', 1, 'MEDIUM', NULL),
(66, 15, 'Configure integration interfaces - FIN26P02', 'Implement and validate secure data exchange contracts with upstream systems.', 17, 40, '2026-05-20 10:00:00', 'IN_PROGRESS', '[]', '2026-04-04 10:30:00', '2026-04-04 10:30:00', 1, 'MEDIUM', NULL),
(67, 15, 'Execute pilot runbook - FIN26P02', 'Run controlled pilot, log incidents, and apply hardening fixes before scale-up.', 19, 48, '2026-05-24 10:00:00', 'OPEN', '[]', '2026-04-04 10:30:00', '2026-04-04 10:30:00', 1, 'HIGH', NULL),
(68, 15, 'Complete compliance dossier - FIN26P02', 'Prepare security, audit, and operational handover documentation for final acceptance.', 20, 56, '2026-05-28 10:00:00', 'BLOCKED', '[]', '2026-04-04 10:30:00', '2026-04-04 10:30:00', 1, 'HIGH', NULL),
(69, 16, 'Consolidate stakeholder baseline matrix - FIN26P02', 'Compile district-level baseline indicators, approval points, and reporting cadence.', 15, 24, '2026-07-06 10:00:00', 'DONE', '[]', '2026-04-04 10:30:00', '2026-04-04 10:30:00', 1, 'LOW', NULL),
(70, 16, 'Publish functional specification - FIN26P02', 'Freeze workflows, exception paths, and approval responsibilities in signed specification.', 17, 32, '2026-07-10 10:00:00', 'DONE', '[]', '2026-04-04 10:30:00', '2026-04-04 10:30:00', 1, 'MEDIUM', NULL),
(71, 16, 'Configure integration interfaces - FIN26P02', 'Implement and validate secure data exchange contracts with upstream systems.', 19, 40, '2026-07-14 10:00:00', 'IN_PROGRESS', '[]', '2026-04-04 10:30:00', '2026-04-04 10:30:00', 1, 'MEDIUM', NULL),
(72, 16, 'Execute pilot runbook - FIN26P02', 'Run controlled pilot, log incidents, and apply hardening fixes before scale-up.', 20, 48, '2026-07-18 10:00:00', 'OPEN', '[]', '2026-04-04 10:30:00', '2026-04-04 10:30:00', 1, 'HIGH', NULL),
(73, 16, 'Complete compliance dossier - FIN26P02', 'Prepare security, audit, and operational handover documentation for final acceptance.', 12, 56, '2026-07-22 10:00:00', 'BLOCKED', '[]', '2026-04-04 10:30:00', '2026-04-04 10:30:00', 1, 'HIGH', NULL),
(74, 17, 'Consolidate stakeholder baseline matrix - FIN26P03', 'Compile district-level baseline indicators, approval points, and reporting cadence.', 15, 24, '2026-04-21 10:00:00', 'DONE', '[]', '2026-04-04 10:30:00', '2026-04-04 10:30:00', 1, 'LOW', NULL),
(75, 17, 'Publish functional specification - FIN26P03', 'Freeze workflows, exception paths, and approval responsibilities in signed specification.', 17, 32, '2026-04-25 10:00:00', 'DONE', '[]', '2026-04-04 10:30:00', '2026-04-04 10:30:00', 1, 'MEDIUM', NULL),
(76, 17, 'Configure integration interfaces - FIN26P03', 'Implement and validate secure data exchange contracts with upstream systems.', 19, 40, '2026-04-29 10:00:00', 'IN_PROGRESS', '[]', '2026-04-04 10:30:00', '2026-04-04 10:30:00', 1, 'MEDIUM', NULL),
(77, 17, 'Execute pilot runbook - FIN26P03', 'Run controlled pilot, log incidents, and apply hardening fixes before scale-up.', 20, 48, '2026-05-03 10:00:00', 'OPEN', '[]', '2026-04-04 10:30:00', '2026-04-04 10:30:00', 1, 'HIGH', NULL),
(78, 17, 'Complete compliance dossier - FIN26P03', 'Prepare security, audit, and operational handover documentation for final acceptance.', 11, 56, '2026-05-07 10:00:00', 'BLOCKED', '[]', '2026-04-04 10:30:00', '2026-04-04 10:30:00', 1, 'HIGH', NULL),
(79, 18, 'Consolidate stakeholder baseline matrix - FIN26P03', 'Compile district-level baseline indicators, approval points, and reporting cadence.', 17, 24, '2026-06-15 10:00:00', 'DONE', '[]', '2026-04-04 10:30:00', '2026-04-04 10:30:00', 1, 'LOW', NULL),
(80, 18, 'Publish functional specification - FIN26P03', 'Freeze workflows, exception paths, and approval responsibilities in signed specification.', 19, 32, '2026-06-19 10:00:00', 'DONE', '[]', '2026-04-04 10:30:00', '2026-04-04 10:30:00', 1, 'MEDIUM', NULL),
(81, 18, 'Configure integration interfaces - FIN26P03', 'Implement and validate secure data exchange contracts with upstream systems.', 20, 40, '2026-06-23 10:00:00', 'IN_PROGRESS', '[]', '2026-04-04 10:30:00', '2026-04-04 10:30:00', 1, 'MEDIUM', NULL),
(82, 18, 'Execute pilot runbook - FIN26P03', 'Run controlled pilot, log incidents, and apply hardening fixes before scale-up.', 11, 48, '2026-06-27 10:00:00', 'OPEN', '[]', '2026-04-04 10:30:00', '2026-04-04 10:30:00', 1, 'HIGH', NULL),
(83, 18, 'Complete compliance dossier - FIN26P03', 'Prepare security, audit, and operational handover documentation for final acceptance.', 2, 56, '2026-07-01 10:00:00', 'BLOCKED', '[]', '2026-04-04 10:30:00', '2026-04-04 10:30:00', 1, 'HIGH', NULL),
(84, 19, 'Consolidate stakeholder baseline matrix - FIN26P04', 'Compile district-level baseline indicators, approval points, and reporting cadence.', 17, 24, '2026-05-27 10:00:00', 'DONE', '[]', '2026-04-04 10:30:00', '2026-04-04 10:30:00', 1, 'LOW', NULL),
(85, 19, 'Publish functional specification - FIN26P04', 'Freeze workflows, exception paths, and approval responsibilities in signed specification.', 19, 32, '2026-05-31 10:00:00', 'DONE', '[]', '2026-04-04 10:30:00', '2026-04-04 10:30:00', 1, 'MEDIUM', NULL),
(86, 19, 'Configure integration interfaces - FIN26P04', 'Implement and validate secure data exchange contracts with upstream systems.', 20, 40, '2026-06-04 10:00:00', 'IN_PROGRESS', '[]', '2026-04-04 10:30:00', '2026-04-04 10:30:00', 1, 'MEDIUM', NULL),
(87, 19, 'Execute pilot runbook - FIN26P04', 'Run controlled pilot, log incidents, and apply hardening fixes before scale-up.', 4, 48, '2026-06-08 10:00:00', 'OPEN', '[]', '2026-04-04 10:30:00', '2026-04-04 10:30:00', 1, 'HIGH', NULL),
(88, 19, 'Complete compliance dossier - FIN26P04', 'Prepare security, audit, and operational handover documentation for final acceptance.', 2, 56, '2026-06-12 10:00:00', 'BLOCKED', '[]', '2026-04-04 10:30:00', '2026-04-04 10:30:00', 1, 'HIGH', NULL),
(89, 20, 'Consolidate stakeholder baseline matrix - FIN26P04', 'Compile district-level baseline indicators, approval points, and reporting cadence.', 19, 24, '2026-07-21 10:00:00', 'DONE', '[]', '2026-04-04 10:30:00', '2026-04-04 10:30:00', 1, 'LOW', NULL),
(90, 20, 'Publish functional specification - FIN26P04', 'Freeze workflows, exception paths, and approval responsibilities in signed specification.', 20, 32, '2026-07-25 10:00:00', 'DONE', '[]', '2026-04-04 10:30:00', '2026-04-04 10:30:00', 1, 'MEDIUM', NULL),
(91, 20, 'Configure integration interfaces - FIN26P04', 'Implement and validate secure data exchange contracts with upstream systems.', 4, 40, '2026-07-29 10:00:00', 'IN_PROGRESS', '[]', '2026-04-04 10:30:00', '2026-04-04 10:30:00', 1, 'MEDIUM', NULL),
(92, 20, 'Execute pilot runbook - FIN26P04', 'Run controlled pilot, log incidents, and apply hardening fixes before scale-up.', 2, 48, '2026-08-02 10:00:00', 'OPEN', '[]', '2026-04-04 10:30:00', '2026-04-04 10:30:00', 1, 'HIGH', NULL),
(93, 20, 'Complete compliance dossier - FIN26P04', 'Prepare security, audit, and operational handover documentation for final acceptance.', 4, 56, '2026-08-06 10:00:00', 'BLOCKED', '[]', '2026-04-04 10:30:00', '2026-04-04 10:30:00', 1, 'HIGH', NULL),
(94, 21, 'Consolidate stakeholder baseline matrix - HFW26P01', 'Compile district-level baseline indicators, approval points, and reporting cadence.', 19, 24, '2026-04-25 10:00:00', 'DONE', '[]', '2026-04-04 10:30:00', '2026-04-04 10:30:00', 1, 'LOW', NULL),
(95, 21, 'Publish functional specification - HFW26P01', 'Freeze workflows, exception paths, and approval responsibilities in signed specification.', 20, 32, '2026-04-29 10:00:00', 'DONE', '[]', '2026-04-04 10:30:00', '2026-04-04 10:30:00', 1, 'MEDIUM', NULL),
(96, 21, 'Configure integration interfaces - HFW26P01', 'Implement and validate secure data exchange contracts with upstream systems.', 13, 40, '2026-05-03 10:00:00', 'IN_PROGRESS', '[]', '2026-04-04 10:30:00', '2026-04-04 10:30:00', 1, 'MEDIUM', NULL),
(97, 21, 'Execute pilot runbook - HFW26P01', 'Run controlled pilot, log incidents, and apply hardening fixes before scale-up.', 2, 48, '2026-05-07 10:00:00', 'OPEN', '[]', '2026-04-04 10:30:00', '2026-04-04 10:30:00', 1, 'HIGH', NULL),
(98, 21, 'Complete compliance dossier - HFW26P01', 'Prepare security, audit, and operational handover documentation for final acceptance.', 4, 56, '2026-05-11 10:00:00', 'BLOCKED', '[]', '2026-04-04 10:30:00', '2026-04-04 10:30:00', 1, 'HIGH', NULL),
(99, 22, 'Consolidate stakeholder baseline matrix - HFW26P01', 'Compile district-level baseline indicators, approval points, and reporting cadence.', 20, 24, '2026-06-19 10:00:00', 'DONE', '[]', '2026-04-04 10:30:00', '2026-04-04 10:30:00', 1, 'LOW', NULL),
(100, 22, 'Publish functional specification - HFW26P01', 'Freeze workflows, exception paths, and approval responsibilities in signed specification.', 13, 32, '2026-06-23 10:00:00', 'DONE', '[]', '2026-04-04 10:30:00', '2026-04-04 10:30:00', 1, 'MEDIUM', NULL),
(101, 22, 'Configure integration interfaces - HFW26P01', 'Implement and validate secure data exchange contracts with upstream systems.', 2, 40, '2026-06-27 10:00:00', 'IN_PROGRESS', '[]', '2026-04-04 10:30:00', '2026-04-04 10:30:00', 1, 'MEDIUM', NULL),
(102, 22, 'Execute pilot runbook - HFW26P01', 'Run controlled pilot, log incidents, and apply hardening fixes before scale-up.', 4, 48, '2026-07-01 10:00:00', 'OPEN', '[]', '2026-04-04 10:30:00', '2026-04-04 10:30:00', 1, 'HIGH', NULL),
(103, 22, 'Complete compliance dossier - HFW26P01', 'Prepare security, audit, and operational handover documentation for final acceptance.', 5, 56, '2026-07-05 10:00:00', 'BLOCKED', '[]', '2026-04-04 10:30:00', '2026-04-04 10:30:00', 1, 'HIGH', NULL),
(104, 23, 'Consolidate stakeholder baseline matrix - HFW26P02', 'Compile district-level baseline indicators, approval points, and reporting cadence.', 20, 24, '2026-04-07 10:00:00', 'DONE', '[]', '2026-04-04 10:30:00', '2026-04-04 10:30:00', 1, 'LOW', NULL),
(105, 23, 'Publish functional specification - HFW26P02', 'Freeze workflows, exception paths, and approval responsibilities in signed specification.', 14, 32, '2026-04-11 10:00:00', 'DONE', '[]', '2026-04-04 10:30:00', '2026-04-04 10:30:00', 1, 'MEDIUM', NULL),
(106, 23, 'Configure integration interfaces - HFW26P02', 'Implement and validate secure data exchange contracts with upstream systems.', 2, 40, '2026-04-15 10:00:00', 'IN_PROGRESS', '[]', '2026-04-04 10:30:00', '2026-04-04 10:30:00', 1, 'MEDIUM', NULL),
(107, 23, 'Execute pilot runbook - HFW26P02', 'Run controlled pilot, log incidents, and apply hardening fixes before scale-up.', 4, 48, '2026-04-19 10:00:00', 'OPEN', '[]', '2026-04-04 10:30:00', '2026-04-04 10:30:00', 1, 'HIGH', NULL),
(108, 23, 'Complete compliance dossier - HFW26P02', 'Prepare security, audit, and operational handover documentation for final acceptance.', 5, 56, '2026-04-23 10:00:00', 'OPEN', '[]', '2026-04-04 10:30:00', '2026-04-04 10:30:00', 1, 'HIGH', NULL),
(109, 24, 'Consolidate stakeholder baseline matrix - HFW26P02', 'Compile district-level baseline indicators, approval points, and reporting cadence.', 14, 24, '2026-06-01 10:00:00', 'DONE', '[]', '2026-04-04 10:30:00', '2026-04-04 10:30:00', 1, 'LOW', NULL),
(110, 24, 'Publish functional specification - HFW26P02', 'Freeze workflows, exception paths, and approval responsibilities in signed specification.', 2, 32, '2026-06-05 10:00:00', 'DONE', '[]', '2026-04-04 10:30:00', '2026-04-04 10:30:00', 1, 'MEDIUM', NULL),
(111, 24, 'Configure integration interfaces - HFW26P02', 'Implement and validate secure data exchange contracts with upstream systems.', 4, 40, '2026-06-09 10:00:00', 'IN_PROGRESS', '[]', '2026-04-04 10:30:00', '2026-04-04 10:30:00', 1, 'MEDIUM', NULL),
(112, 24, 'Execute pilot runbook - HFW26P02', 'Run controlled pilot, log incidents, and apply hardening fixes before scale-up.', 5, 48, '2026-06-13 10:00:00', 'OPEN', '[]', '2026-04-04 10:30:00', '2026-04-04 10:30:00', 1, 'HIGH', NULL),
(113, 24, 'Complete compliance dossier - HFW26P02', 'Prepare security, audit, and operational handover documentation for final acceptance.', 8, 56, '2026-06-17 10:00:00', 'OPEN', '[]', '2026-04-04 10:30:00', '2026-04-04 10:30:00', 1, 'HIGH', NULL),
(114, 25, 'Consolidate stakeholder baseline matrix - HFW26P03', 'Compile district-level baseline indicators, approval points, and reporting cadence.', 13, 24, '2026-05-31 10:00:00', 'DONE', '[]', '2026-04-04 10:30:00', '2026-04-04 10:30:00', 1, 'LOW', NULL),
(115, 25, 'Publish functional specification - HFW26P03', 'Freeze workflows, exception paths, and approval responsibilities in signed specification.', 2, 32, '2026-06-04 10:00:00', 'DONE', '[]', '2026-04-04 10:30:00', '2026-04-04 10:30:00', 1, 'MEDIUM', NULL),
(116, 25, 'Configure integration interfaces - HFW26P03', 'Implement and validate secure data exchange contracts with upstream systems.', 4, 40, '2026-06-08 10:00:00', 'IN_PROGRESS', '[]', '2026-04-04 10:30:00', '2026-04-04 10:30:00', 1, 'MEDIUM', NULL),
(117, 25, 'Execute pilot runbook - HFW26P03', 'Run controlled pilot, log incidents, and apply hardening fixes before scale-up.', 5, 48, '2026-06-12 10:00:00', 'OPEN', '[]', '2026-04-04 10:30:00', '2026-04-04 10:30:00', 1, 'HIGH', NULL),
(118, 25, 'Complete compliance dossier - HFW26P03', 'Prepare security, audit, and operational handover documentation for final acceptance.', 8, 56, '2026-06-16 10:00:00', 'BLOCKED', '[]', '2026-04-04 10:30:00', '2026-04-04 10:30:00', 1, 'HIGH', NULL),
(119, 26, 'Consolidate stakeholder baseline matrix - HFW26P03', 'Compile district-level baseline indicators, approval points, and reporting cadence.', 2, 24, '2026-07-25 10:00:00', 'DONE', '[]', '2026-04-04 10:30:00', '2026-04-04 10:30:00', 1, 'LOW', NULL),
(120, 26, 'Publish functional specification - HFW26P03', 'Freeze workflows, exception paths, and approval responsibilities in signed specification.', 4, 32, '2026-07-29 10:00:00', 'DONE', '[]', '2026-04-04 10:30:00', '2026-04-04 10:30:00', 1, 'MEDIUM', NULL),
(121, 26, 'Configure integration interfaces - HFW26P03', 'Implement and validate secure data exchange contracts with upstream systems.', 5, 40, '2026-08-02 10:00:00', 'IN_PROGRESS', '[]', '2026-04-04 10:30:00', '2026-04-04 10:30:00', 1, 'MEDIUM', NULL),
(122, 26, 'Execute pilot runbook - HFW26P03', 'Run controlled pilot, log incidents, and apply hardening fixes before scale-up.', 8, 48, '2026-08-06 10:00:00', 'OPEN', '[]', '2026-04-04 10:30:00', '2026-04-04 10:30:00', 1, 'HIGH', NULL),
(123, 26, 'Complete compliance dossier - HFW26P03', 'Prepare security, audit, and operational handover documentation for final acceptance.', 11, 56, '2026-08-10 10:00:00', 'BLOCKED', '[]', '2026-04-04 10:30:00', '2026-04-04 10:30:00', 1, 'HIGH', NULL),
(124, 27, 'Consolidate stakeholder baseline matrix - HFW26P04', 'Compile district-level baseline indicators, approval points, and reporting cadence.', 2, 24, '2026-05-26 10:00:00', 'DONE', '[]', '2026-04-04 10:30:00', '2026-04-04 10:30:00', 1, 'LOW', NULL),
(125, 27, 'Publish functional specification - HFW26P04', 'Freeze workflows, exception paths, and approval responsibilities in signed specification.', 4, 32, '2026-05-30 10:00:00', 'DONE', '[]', '2026-04-04 10:30:00', '2026-04-04 10:30:00', 1, 'MEDIUM', NULL),
(126, 27, 'Configure integration interfaces - HFW26P04', 'Implement and validate secure data exchange contracts with upstream systems.', 5, 40, '2026-06-03 10:00:00', 'IN_PROGRESS', '[]', '2026-04-04 10:30:00', '2026-04-04 10:30:00', 1, 'MEDIUM', NULL),
(127, 27, 'Execute pilot runbook - HFW26P04', 'Run controlled pilot, log incidents, and apply hardening fixes before scale-up.', 8, 48, '2026-06-07 10:00:00', 'OPEN', '[]', '2026-04-04 10:30:00', '2026-04-04 10:30:00', 1, 'HIGH', NULL),
(128, 27, 'Complete compliance dossier - HFW26P04', 'Prepare security, audit, and operational handover documentation for final acceptance.', 11, 56, '2026-06-11 10:00:00', 'BLOCKED', '[]', '2026-04-04 10:30:00', '2026-04-04 10:30:00', 1, 'HIGH', NULL),
(129, 28, 'Consolidate stakeholder baseline matrix - HFW26P04', 'Compile district-level baseline indicators, approval points, and reporting cadence.', 4, 24, '2026-07-20 10:00:00', 'DONE', '[]', '2026-04-04 10:30:00', '2026-04-04 10:30:00', 1, 'LOW', NULL),
(130, 28, 'Publish functional specification - HFW26P04', 'Freeze workflows, exception paths, and approval responsibilities in signed specification.', 5, 32, '2026-07-24 10:00:00', 'DONE', '[]', '2026-04-04 10:30:00', '2026-04-04 10:30:00', 1, 'MEDIUM', NULL),
(131, 28, 'Configure integration interfaces - HFW26P04', 'Implement and validate secure data exchange contracts with upstream systems.', 8, 40, '2026-07-28 10:00:00', 'IN_PROGRESS', '[]', '2026-04-04 10:30:00', '2026-04-04 10:30:00', 1, 'MEDIUM', NULL),
(132, 28, 'Execute pilot runbook - HFW26P04', 'Run controlled pilot, log incidents, and apply hardening fixes before scale-up.', 11, 48, '2026-08-01 10:00:00', 'OPEN', '[]', '2026-04-04 10:30:00', '2026-04-04 10:30:00', 1, 'HIGH', NULL),
(133, 28, 'Complete compliance dossier - HFW26P04', 'Prepare security, audit, and operational handover documentation for final acceptance.', 13, 56, '2026-08-05 10:00:00', 'BLOCKED', '[]', '2026-04-04 10:30:00', '2026-04-04 10:30:00', 1, 'HIGH', NULL),
(134, 29, 'Consolidate stakeholder baseline matrix - ITE26P01', 'Compile district-level baseline indicators, approval points, and reporting cadence.', 4, 24, '2026-04-08 10:00:00', 'DONE', '[]', '2026-04-04 10:30:00', '2026-04-04 10:30:00', 1, 'LOW', NULL),
(135, 29, 'Publish functional specification - ITE26P01', 'Freeze workflows, exception paths, and approval responsibilities in signed specification.', 5, 32, '2026-04-12 10:00:00', 'DONE', '[]', '2026-04-04 10:30:00', '2026-04-04 10:30:00', 1, 'MEDIUM', NULL),
(136, 29, 'Configure integration interfaces - ITE26P01', 'Implement and validate secure data exchange contracts with upstream systems.', 8, 40, '2026-04-16 10:00:00', 'IN_PROGRESS', '[]', '2026-04-04 10:30:00', '2026-04-04 10:30:00', 1, 'MEDIUM', NULL),
(137, 29, 'Execute pilot runbook - ITE26P01', 'Run controlled pilot, log incidents, and apply hardening fixes before scale-up.', 11, 48, '2026-04-20 10:00:00', 'OPEN', '[]', '2026-04-04 10:30:00', '2026-04-04 10:30:00', 1, 'HIGH', NULL),
(138, 29, 'Complete compliance dossier - ITE26P01', 'Prepare security, audit, and operational handover documentation for final acceptance.', 13, 56, '2026-04-24 10:00:00', 'BLOCKED', '[]', '2026-04-04 10:30:00', '2026-04-04 10:30:00', 1, 'HIGH', NULL),
(139, 30, 'Consolidate stakeholder baseline matrix - ITE26P01', 'Compile district-level baseline indicators, approval points, and reporting cadence.', 5, 24, '2026-06-02 10:00:00', 'DONE', '[]', '2026-04-04 10:30:00', '2026-04-04 10:30:00', 1, 'LOW', NULL),
(140, 30, 'Publish functional specification - ITE26P01', 'Freeze workflows, exception paths, and approval responsibilities in signed specification.', 8, 32, '2026-06-06 10:00:00', 'DONE', '[]', '2026-04-04 10:30:00', '2026-04-04 10:30:00', 1, 'MEDIUM', NULL),
(141, 30, 'Configure integration interfaces - ITE26P01', 'Implement and validate secure data exchange contracts with upstream systems.', 11, 40, '2026-06-10 10:00:00', 'IN_PROGRESS', '[]', '2026-04-04 10:30:00', '2026-04-04 10:30:00', 1, 'MEDIUM', NULL),
(142, 30, 'Execute pilot runbook - ITE26P01', 'Run controlled pilot, log incidents, and apply hardening fixes before scale-up.', 13, 48, '2026-06-14 10:00:00', 'OPEN', '[]', '2026-04-04 10:30:00', '2026-04-04 10:30:00', 1, 'HIGH', NULL),
(143, 30, 'Complete compliance dossier - ITE26P01', 'Prepare security, audit, and operational handover documentation for final acceptance.', 15, 56, '2026-06-18 10:00:00', 'BLOCKED', '[]', '2026-04-04 10:30:00', '2026-04-04 10:30:00', 1, 'HIGH', NULL),
(144, 31, 'Consolidate stakeholder baseline matrix - ITE26P02', 'Compile district-level baseline indicators, approval points, and reporting cadence.', 5, 24, '2026-03-22 10:00:00', 'DONE', '[]', '2026-04-04 10:30:00', '2026-04-04 10:30:00', 1, 'LOW', NULL),
(145, 31, 'Publish functional specification - ITE26P02', 'Freeze workflows, exception paths, and approval responsibilities in signed specification.', 8, 32, '2026-03-26 10:00:00', 'DONE', '[]', '2026-04-04 10:30:00', '2026-04-04 10:30:00', 1, 'MEDIUM', NULL),
(146, 31, 'Configure integration interfaces - ITE26P02', 'Implement and validate secure data exchange contracts with upstream systems.', 11, 40, '2026-03-30 10:00:00', 'IN_PROGRESS', '[]', '2026-04-04 10:30:00', '2026-04-04 10:30:00', 1, 'MEDIUM', NULL),
(147, 31, 'Execute pilot runbook - ITE26P02', 'Run controlled pilot, log incidents, and apply hardening fixes before scale-up.', 13, 48, '2026-04-03 10:00:00', 'OPEN', '[]', '2026-04-04 10:30:00', '2026-04-04 10:30:00', 1, 'HIGH', NULL),
(148, 31, 'Complete compliance dossier - ITE26P02', 'Prepare security, audit, and operational handover documentation for final acceptance.', 15, 56, '2026-04-07 10:00:00', 'BLOCKED', '[]', '2026-04-04 10:30:00', '2026-04-04 10:30:00', 1, 'HIGH', NULL),
(149, 32, 'Consolidate stakeholder baseline matrix - ITE26P02', 'Compile district-level baseline indicators, approval points, and reporting cadence.', 8, 24, '2026-05-16 10:00:00', 'DONE', '[]', '2026-04-04 10:30:00', '2026-04-04 10:30:00', 1, 'LOW', NULL),
(150, 32, 'Publish functional specification - ITE26P02', 'Freeze workflows, exception paths, and approval responsibilities in signed specification.', 11, 32, '2026-05-20 10:00:00', 'DONE', '[]', '2026-04-04 10:30:00', '2026-04-04 10:30:00', 1, 'MEDIUM', NULL),
(151, 32, 'Configure integration interfaces - ITE26P02', 'Implement and validate secure data exchange contracts with upstream systems.', 13, 40, '2026-05-24 10:00:00', 'IN_PROGRESS', '[]', '2026-04-04 10:30:00', '2026-04-04 10:30:00', 1, 'MEDIUM', NULL),
(152, 32, 'Execute pilot runbook - ITE26P02', 'Run controlled pilot, log incidents, and apply hardening fixes before scale-up.', 15, 48, '2026-05-28 10:00:00', 'OPEN', '[]', '2026-04-04 10:30:00', '2026-04-04 10:30:00', 1, 'HIGH', NULL),
(153, 32, 'Complete compliance dossier - ITE26P02', 'Prepare security, audit, and operational handover documentation for final acceptance.', 17, 56, '2026-06-01 10:00:00', 'BLOCKED', '[]', '2026-04-04 10:30:00', '2026-04-04 10:30:00', 1, 'HIGH', NULL),
(154, 33, 'Consolidate stakeholder baseline matrix - ITE26P03', 'Compile district-level baseline indicators, approval points, and reporting cadence.', 8, 24, '2026-05-18 10:00:00', 'DONE', '[]', '2026-04-04 10:30:00', '2026-04-04 10:30:00', 1, 'LOW', NULL),
(155, 33, 'Publish functional specification - ITE26P03', 'Freeze workflows, exception paths, and approval responsibilities in signed specification.', 11, 32, '2026-05-22 10:00:00', 'DONE', '[]', '2026-04-04 10:30:00', '2026-04-04 10:30:00', 1, 'MEDIUM', NULL),
(156, 33, 'Configure integration interfaces - ITE26P03', 'Implement and validate secure data exchange contracts with upstream systems.', 13, 40, '2026-05-26 10:00:00', 'IN_PROGRESS', '[]', '2026-04-04 10:30:00', '2026-04-04 10:30:00', 1, 'MEDIUM', NULL),
(157, 33, 'Execute pilot runbook - ITE26P03', 'Run controlled pilot, log incidents, and apply hardening fixes before scale-up.', 15, 48, '2026-05-30 10:00:00', 'OPEN', '[]', '2026-04-04 10:30:00', '2026-04-04 10:30:00', 1, 'HIGH', NULL),
(158, 33, 'Complete compliance dossier - ITE26P03', 'Prepare security, audit, and operational handover documentation for final acceptance.', 17, 56, '2026-06-03 10:00:00', 'OPEN', '[]', '2026-04-04 10:30:00', '2026-04-04 10:30:00', 1, 'HIGH', NULL),
(159, 34, 'Consolidate stakeholder baseline matrix - ITE26P03', 'Compile district-level baseline indicators, approval points, and reporting cadence.', 11, 24, '2026-07-12 10:00:00', 'DONE', '[]', '2026-04-04 10:30:00', '2026-04-04 10:30:00', 1, 'LOW', NULL),
(160, 34, 'Publish functional specification - ITE26P03', 'Freeze workflows, exception paths, and approval responsibilities in signed specification.', 13, 32, '2026-07-16 10:00:00', 'DONE', '[]', '2026-04-04 10:30:00', '2026-04-04 10:30:00', 1, 'MEDIUM', NULL),
(161, 34, 'Configure integration interfaces - ITE26P03', 'Implement and validate secure data exchange contracts with upstream systems.', 15, 40, '2026-07-20 10:00:00', 'IN_PROGRESS', '[]', '2026-04-04 10:30:00', '2026-04-04 10:30:00', 1, 'MEDIUM', NULL),
(162, 34, 'Execute pilot runbook - ITE26P03', 'Run controlled pilot, log incidents, and apply hardening fixes before scale-up.', 17, 48, '2026-07-24 10:00:00', 'OPEN', '[]', '2026-04-04 10:30:00', '2026-04-04 10:30:00', 1, 'HIGH', NULL),
(163, 34, 'Complete compliance dossier - ITE26P03', 'Prepare security, audit, and operational handover documentation for final acceptance.', 19, 56, '2026-07-28 10:00:00', 'OPEN', '[]', '2026-04-04 10:30:00', '2026-04-04 10:30:00', 1, 'HIGH', NULL),
(164, 35, 'Consolidate stakeholder baseline matrix - ITE26P04', 'Compile district-level baseline indicators, approval points, and reporting cadence.', 11, 24, '2026-05-04 10:00:00', 'DONE', '[]', '2026-04-04 10:30:00', '2026-04-04 10:30:00', 1, 'LOW', NULL),
(165, 35, 'Publish functional specification - ITE26P04', 'Freeze workflows, exception paths, and approval responsibilities in signed specification.', 13, 32, '2026-05-08 10:00:00', 'DONE', '[]', '2026-04-04 10:30:00', '2026-04-04 10:30:00', 1, 'MEDIUM', NULL),
(166, 35, 'Configure integration interfaces - ITE26P04', 'Implement and validate secure data exchange contracts with upstream systems.', 15, 40, '2026-05-12 10:00:00', 'IN_PROGRESS', '[]', '2026-04-04 10:30:00', '2026-04-04 10:30:00', 1, 'MEDIUM', NULL),
(167, 35, 'Execute pilot runbook - ITE26P04', 'Run controlled pilot, log incidents, and apply hardening fixes before scale-up.', 17, 48, '2026-05-16 10:00:00', 'OPEN', '[]', '2026-04-04 10:30:00', '2026-04-04 10:30:00', 1, 'HIGH', NULL),
(168, 35, 'Complete compliance dossier - ITE26P04', 'Prepare security, audit, and operational handover documentation for final acceptance.', 19, 56, '2026-05-20 10:00:00', 'BLOCKED', '[]', '2026-04-04 10:30:00', '2026-04-04 10:30:00', 1, 'HIGH', NULL),
(169, 36, 'Consolidate stakeholder baseline matrix - ITE26P04', 'Compile district-level baseline indicators, approval points, and reporting cadence.', 13, 24, '2026-06-28 10:00:00', 'DONE', '[]', '2026-04-04 10:30:00', '2026-04-04 10:30:00', 1, 'LOW', NULL),
(170, 36, 'Publish functional specification - ITE26P04', 'Freeze workflows, exception paths, and approval responsibilities in signed specification.', 15, 32, '2026-07-02 10:00:00', 'DONE', '[]', '2026-04-04 10:30:00', '2026-04-04 10:30:00', 1, 'MEDIUM', NULL),
(171, 36, 'Configure integration interfaces - ITE26P04', 'Implement and validate secure data exchange contracts with upstream systems.', 17, 40, '2026-07-06 10:00:00', 'IN_PROGRESS', '[]', '2026-04-04 10:30:00', '2026-04-04 10:30:00', 1, 'MEDIUM', NULL),
(172, 36, 'Execute pilot runbook - ITE26P04', 'Run controlled pilot, log incidents, and apply hardening fixes before scale-up.', 19, 48, '2026-07-10 10:00:00', 'OPEN', '[]', '2026-04-04 10:30:00', '2026-04-04 10:30:00', 1, 'HIGH', NULL),
(173, 36, 'Complete compliance dossier - ITE26P04', 'Prepare security, audit, and operational handover documentation for final acceptance.', 20, 56, '2026-07-14 10:00:00', 'BLOCKED', '[]', '2026-04-04 10:30:00', '2026-04-04 10:30:00', 1, 'HIGH', NULL),
(174, 37, 'Consolidate stakeholder baseline matrix - ITE26P05', 'Compile district-level baseline indicators, approval points, and reporting cadence.', 13, 24, '2026-06-12 10:00:00', 'DONE', '[]', '2026-04-04 10:30:00', '2026-04-04 10:30:00', 1, 'LOW', NULL),
(175, 37, 'Publish functional specification - ITE26P05', 'Freeze workflows, exception paths, and approval responsibilities in signed specification.', 15, 32, '2026-06-16 10:00:00', 'DONE', '[]', '2026-04-04 10:30:00', '2026-04-04 10:30:00', 1, 'MEDIUM', NULL),
(176, 37, 'Configure integration interfaces - ITE26P05', 'Implement and validate secure data exchange contracts with upstream systems.', 17, 40, '2026-06-20 10:00:00', 'IN_PROGRESS', '[]', '2026-04-04 10:30:00', '2026-04-04 10:30:00', 1, 'MEDIUM', NULL),
(177, 37, 'Execute pilot runbook - ITE26P05', 'Run controlled pilot, log incidents, and apply hardening fixes before scale-up.', 19, 48, '2026-06-24 10:00:00', 'OPEN', '[]', '2026-04-04 10:30:00', '2026-04-04 10:30:00', 1, 'HIGH', NULL),
(178, 37, 'Complete compliance dossier - ITE26P05', 'Prepare security, audit, and operational handover documentation for final acceptance.', 20, 56, '2026-06-28 10:00:00', 'BLOCKED', '[]', '2026-04-04 10:30:00', '2026-04-04 10:30:00', 1, 'HIGH', NULL),
(179, 38, 'Consolidate stakeholder baseline matrix - ITE26P05', 'Compile district-level baseline indicators, approval points, and reporting cadence.', 15, 24, '2026-08-06 10:00:00', 'DONE', '[]', '2026-04-04 10:30:00', '2026-04-04 10:30:00', 1, 'LOW', NULL),
(180, 38, 'Publish functional specification - ITE26P05', 'Freeze workflows, exception paths, and approval responsibilities in signed specification.', 17, 32, '2026-08-10 10:00:00', 'DONE', '[]', '2026-04-04 10:30:00', '2026-04-04 10:30:00', 1, 'MEDIUM', NULL),
(181, 38, 'Configure integration interfaces - ITE26P05', 'Implement and validate secure data exchange contracts with upstream systems.', 19, 40, '2026-08-14 10:00:00', 'IN_PROGRESS', '[]', '2026-04-04 10:30:00', '2026-04-04 10:30:00', 1, 'MEDIUM', NULL),
(182, 38, 'Execute pilot runbook - ITE26P05', 'Run controlled pilot, log incidents, and apply hardening fixes before scale-up.', 20, 48, '2026-08-18 10:00:00', 'OPEN', '[]', '2026-04-04 10:30:00', '2026-04-04 10:30:00', 1, 'HIGH', NULL),
(183, 38, 'Complete compliance dossier - ITE26P05', 'Prepare security, audit, and operational handover documentation for final acceptance.', 17, 56, '2026-08-22 10:00:00', 'BLOCKED', '[]', '2026-04-04 10:30:00', '2026-04-04 10:30:00', 1, 'HIGH', NULL),
(184, 39, 'Consolidate stakeholder baseline matrix - PRD26P01', 'Compile district-level baseline indicators, approval points, and reporting cadence.', 15, 24, '2026-05-01 10:00:00', 'DONE', '[]', '2026-04-04 10:30:00', '2026-04-04 10:30:00', 1, 'LOW', NULL),
(185, 39, 'Publish functional specification - PRD26P01', 'Freeze workflows, exception paths, and approval responsibilities in signed specification.', 17, 32, '2026-05-05 10:00:00', 'DONE', '[]', '2026-04-04 10:30:00', '2026-04-04 10:30:00', 1, 'MEDIUM', NULL),
(186, 39, 'Configure integration interfaces - PRD26P01', 'Implement and validate secure data exchange contracts with upstream systems.', 19, 40, '2026-05-09 10:00:00', 'IN_PROGRESS', '[]', '2026-04-04 10:30:00', '2026-04-04 10:30:00', 1, 'MEDIUM', NULL),
(187, 39, 'Execute pilot runbook - PRD26P01', 'Run controlled pilot, log incidents, and apply hardening fixes before scale-up.', 20, 48, '2026-05-13 10:00:00', 'OPEN', '[]', '2026-04-04 10:30:00', '2026-04-04 10:30:00', 1, 'HIGH', NULL),
(188, 39, 'Complete compliance dossier - PRD26P01', 'Prepare security, audit, and operational handover documentation for final acceptance.', 15, 56, '2026-05-17 10:00:00', 'BLOCKED', '[]', '2026-04-04 10:30:00', '2026-04-04 10:30:00', 1, 'HIGH', NULL),
(189, 40, 'Consolidate stakeholder baseline matrix - PRD26P01', 'Compile district-level baseline indicators, approval points, and reporting cadence.', 17, 24, '2026-06-25 10:00:00', 'DONE', '[]', '2026-04-04 10:30:00', '2026-04-04 10:30:00', 1, 'LOW', NULL),
(190, 40, 'Publish functional specification - PRD26P01', 'Freeze workflows, exception paths, and approval responsibilities in signed specification.', 19, 32, '2026-06-29 10:00:00', 'DONE', '[]', '2026-04-04 10:30:00', '2026-04-04 10:30:00', 1, 'MEDIUM', NULL),
(191, 40, 'Configure integration interfaces - PRD26P01', 'Implement and validate secure data exchange contracts with upstream systems.', 20, 40, '2026-07-03 10:00:00', 'IN_PROGRESS', '[]', '2026-04-04 10:30:00', '2026-04-04 10:30:00', 1, 'MEDIUM', NULL),
(192, 40, 'Execute pilot runbook - PRD26P01', 'Run controlled pilot, log incidents, and apply hardening fixes before scale-up.', 15, 48, '2026-07-07 10:00:00', 'OPEN', '[]', '2026-04-04 10:30:00', '2026-04-04 10:30:00', 1, 'HIGH', NULL),
(193, 40, 'Complete compliance dossier - PRD26P01', 'Prepare security, audit, and operational handover documentation for final acceptance.', 2, 56, '2026-07-11 10:00:00', 'BLOCKED', '[]', '2026-04-04 10:30:00', '2026-04-04 10:30:00', 1, 'HIGH', NULL),
(194, 41, 'Consolidate stakeholder baseline matrix - PRD26P02', 'Compile district-level baseline indicators, approval points, and reporting cadence.', 17, 24, '2026-04-17 10:00:00', 'DONE', '[]', '2026-04-04 10:30:00', '2026-04-04 10:30:00', 1, 'LOW', NULL),
(195, 41, 'Publish functional specification - PRD26P02', 'Freeze workflows, exception paths, and approval responsibilities in signed specification.', 19, 32, '2026-04-21 10:00:00', 'DONE', '[]', '2026-04-04 10:30:00', '2026-04-04 10:30:00', 1, 'MEDIUM', NULL),
(196, 41, 'Configure integration interfaces - PRD26P02', 'Implement and validate secure data exchange contracts with upstream systems.', 20, 40, '2026-04-25 10:00:00', 'IN_PROGRESS', '[]', '2026-04-04 10:30:00', '2026-04-04 10:30:00', 1, 'MEDIUM', NULL),
(197, 41, 'Execute pilot runbook - PRD26P02', 'Run controlled pilot, log incidents, and apply hardening fixes before scale-up.', 16, 48, '2026-04-29 10:00:00', 'OPEN', '[]', '2026-04-04 10:30:00', '2026-04-04 10:30:00', 1, 'HIGH', NULL),
(198, 41, 'Complete compliance dossier - PRD26P02', 'Prepare security, audit, and operational handover documentation for final acceptance.', 2, 56, '2026-05-03 10:00:00', 'BLOCKED', '[]', '2026-04-04 10:30:00', '2026-04-04 10:30:00', 1, 'HIGH', NULL),
(199, 42, 'Consolidate stakeholder baseline matrix - PRD26P03', 'Compile district-level baseline indicators, approval points, and reporting cadence.', 19, 24, '2026-05-23 10:00:00', 'DONE', '[]', '2026-04-04 10:30:00', '2026-04-04 10:30:00', 1, 'LOW', NULL),
(200, 42, 'Publish functional specification - PRD26P03', 'Freeze workflows, exception paths, and approval responsibilities in signed specification.', 20, 32, '2026-05-27 10:00:00', 'IN_PROGRESS', '[]', '2026-04-04 10:30:00', '2026-04-04 10:30:00', 1, 'MEDIUM', NULL),
(201, 42, 'Configure integration interfaces - PRD26P03', 'Implement and validate secure data exchange contracts with upstream systems.', 15, 40, '2026-05-31 10:00:00', 'OPEN', '[]', '2026-04-04 10:30:00', '2026-04-04 10:30:00', 1, 'MEDIUM', NULL),
(202, 42, 'Execute pilot runbook - PRD26P03', 'Run controlled pilot, log incidents, and apply hardening fixes before scale-up.', 2, 48, '2026-06-04 10:00:00', 'OPEN', '[]', '2026-04-04 10:30:00', '2026-04-04 10:30:00', 1, 'HIGH', NULL),
(203, 43, 'Consolidate stakeholder baseline matrix - PRD26P04', 'Compile district-level baseline indicators, approval points, and reporting cadence.', 20, 24, '2026-04-13 10:00:00', 'DONE', '[]', '2026-04-04 10:30:00', '2026-04-04 10:30:00', 1, 'LOW', NULL),
(204, 43, 'Publish functional specification - PRD26P04', 'Freeze workflows, exception paths, and approval responsibilities in signed specification.', 2, 32, '2026-04-17 10:00:00', 'IN_PROGRESS', '[]', '2026-04-04 10:30:00', '2026-04-04 10:30:00', 1, 'MEDIUM', NULL),
(205, 43, 'Configure integration interfaces - PRD26P04', 'Implement and validate secure data exchange contracts with upstream systems.', 2, 40, '2026-04-21 10:00:00', 'OPEN', '[]', '2026-04-04 10:30:00', '2026-04-04 10:30:00', 1, 'MEDIUM', NULL),
(206, 43, 'Execute pilot runbook - PRD26P04', 'Run controlled pilot, log incidents, and apply hardening fixes before scale-up.', 4, 48, '2026-04-25 10:00:00', 'BLOCKED', '[]', '2026-04-04 10:30:00', '2026-04-04 10:30:00', 1, 'HIGH', NULL);

INSERT INTO `project_finances` (`id`, `project_id`, `entry_date`, `fund_allocated`, `fund_consumed`, `note`, `deleted_at`, `created_at`, `updated_at`) VALUES
(3, 2, '2026-04-15', 20.70, 5.52, 'Mobilization and baseline setup', NULL, '2026-04-04 10:30:00', '2026-04-04 10:30:00'),
(4, 2, '2026-06-13', 16.10, 7.36, 'Implementation sprint and integration cycle', NULL, '2026-04-04 10:30:00', '2026-04-04 10:30:00'),
(5, 2, '2026-08-11', 9.20, 5.52, 'Pilot expansion and stabilization', NULL, '2026-04-04 10:30:00', '2026-04-04 10:30:00'),
(6, 3, '2026-05-04', 26.10, 11.04, 'Mobilization and baseline setup', NULL, '2026-04-04 10:30:00', '2026-04-04 10:30:00'),
(7, 3, '2026-07-02', 20.30, 14.72, 'Implementation sprint and integration cycle', NULL, '2026-04-04 10:30:00', '2026-04-04 10:30:00'),
(8, 3, '2026-08-30', 11.60, 11.04, 'Pilot expansion and stabilization', NULL, '2026-04-04 10:30:00', '2026-04-04 10:30:00'),
(9, 4, '2026-04-25', 18.45, 4.95, 'Mobilization and baseline setup', NULL, '2026-04-04 10:30:00', '2026-04-04 10:30:00'),
(10, 4, '2026-06-23', 14.35, 6.60, 'Implementation sprint and integration cycle', NULL, '2026-04-04 10:30:00', '2026-04-04 10:30:00'),
(11, 4, '2026-08-21', 8.20, 4.95, 'Pilot expansion and stabilization', NULL, '2026-04-04 10:30:00', '2026-04-04 10:30:00'),
(12, 5, '2026-03-28', 17.55, 8.61, 'Mobilization and baseline setup', NULL, '2026-04-04 10:30:00', '2026-04-04 10:30:00'),
(13, 5, '2026-05-26', 13.65, 11.48, 'Implementation sprint and integration cycle', NULL, '2026-04-04 10:30:00', '2026-04-04 10:30:00'),
(14, 5, '2026-07-24', 7.80, 8.61, 'Pilot expansion and stabilization', NULL, '2026-04-04 10:30:00', '2026-04-04 10:30:00'),
(15, 6, '2026-04-21', 22.05, 6.36, 'Mobilization and baseline setup', NULL, '2026-04-04 10:30:00', '2026-04-04 10:30:00'),
(16, 6, '2026-06-19', 17.15, 8.48, 'Implementation sprint and integration cycle', NULL, '2026-04-04 10:30:00', '2026-04-04 10:30:00'),
(17, 6, '2026-08-17', 9.80, 6.36, 'Pilot expansion and stabilization', NULL, '2026-04-04 10:30:00', '2026-04-04 10:30:00'),
(18, 7, '2026-04-08', 35.55, 13.23, 'Mobilization and baseline setup', NULL, '2026-04-04 10:30:00', '2026-04-04 10:30:00'),
(19, 7, '2026-06-06', 27.65, 17.64, 'Implementation sprint and integration cycle', NULL, '2026-04-04 10:30:00', '2026-04-04 10:30:00'),
(20, 7, '2026-08-04', 15.80, 13.23, 'Pilot expansion and stabilization', NULL, '2026-04-04 10:30:00', '2026-04-04 10:30:00'),
(21, 8, '2026-04-22', 30.60, 9.30, 'Mobilization and baseline setup', NULL, '2026-04-04 10:30:00', '2026-04-04 10:30:00'),
(22, 8, '2026-06-20', 23.80, 12.40, 'Implementation sprint and integration cycle', NULL, '2026-04-04 10:30:00', '2026-04-04 10:30:00'),
(23, 8, '2026-08-18', 13.60, 9.30, 'Pilot expansion and stabilization', NULL, '2026-04-04 10:30:00', '2026-04-04 10:30:00'),
(24, 9, '2026-03-31', 24.30, 12.15, 'Mobilization and baseline setup', NULL, '2026-04-04 10:30:00', '2026-04-04 10:30:00'),
(25, 9, '2026-05-29', 18.90, 16.20, 'Implementation sprint and integration cycle', NULL, '2026-04-04 10:30:00', '2026-04-04 10:30:00'),
(26, 9, '2026-07-27', 10.80, 12.15, 'Pilot expansion and stabilization', NULL, '2026-04-04 10:30:00', '2026-04-04 10:30:00'),
(27, 10, '2026-05-05', 19.35, 4.56, 'Mobilization and baseline setup', NULL, '2026-04-04 10:30:00', '2026-04-04 10:30:00'),
(28, 10, '2026-07-03', 15.05, 6.08, 'Implementation sprint and integration cycle', NULL, '2026-04-04 10:30:00', '2026-04-04 10:30:00'),
(29, 10, '2026-08-31', 8.60, 4.56, 'Pilot expansion and stabilization', NULL, '2026-04-04 10:30:00', '2026-04-04 10:30:00'),
(30, 11, '2026-04-11', 41.40, 16.92, 'Mobilization and baseline setup', NULL, '2026-04-04 10:30:00', '2026-04-04 10:30:00'),
(31, 11, '2026-06-09', 32.20, 22.56, 'Implementation sprint and integration cycle', NULL, '2026-04-04 10:30:00', '2026-04-04 10:30:00'),
(32, 11, '2026-08-07', 18.40, 16.92, 'Pilot expansion and stabilization', NULL, '2026-04-04 10:30:00', '2026-04-04 10:30:00'),
(33, 12, '2026-03-23', 37.80, 18.99, 'Mobilization and baseline setup', NULL, '2026-04-04 10:30:00', '2026-04-04 10:30:00'),
(34, 12, '2026-05-21', 29.40, 25.32, 'Implementation sprint and integration cycle', NULL, '2026-04-04 10:30:00', '2026-04-04 10:30:00'),
(35, 12, '2026-07-19', 16.80, 18.99, 'Pilot expansion and stabilization', NULL, '2026-04-04 10:30:00', '2026-04-04 10:30:00'),
(36, 13, '2026-05-15', 31.95, 8.85, 'Mobilization and baseline setup', NULL, '2026-04-04 10:30:00', '2026-04-04 10:30:00'),
(37, 13, '2026-07-13', 24.85, 11.80, 'Implementation sprint and integration cycle', NULL, '2026-04-04 10:30:00', '2026-04-04 10:30:00'),
(38, 13, '2026-09-10', 14.20, 8.85, 'Pilot expansion and stabilization', NULL, '2026-04-04 10:30:00', '2026-04-04 10:30:00'),
(39, 14, '2026-05-09', 27.00, 6.84, 'Mobilization and baseline setup', NULL, '2026-04-04 10:30:00', '2026-04-04 10:30:00'),
(40, 14, '2026-07-07', 21.00, 9.12, 'Implementation sprint and integration cycle', NULL, '2026-04-04 10:30:00', '2026-04-04 10:30:00'),
(41, 14, '2026-09-04', 12.00, 6.84, 'Pilot expansion and stabilization', NULL, '2026-04-04 10:30:00', '2026-04-04 10:30:00'),
(42, 15, '2026-03-21', 44.10, 20.01, 'Mobilization and baseline setup', NULL, '2026-04-04 10:30:00', '2026-04-04 10:30:00'),
(43, 15, '2026-05-19', 34.30, 26.68, 'Implementation sprint and integration cycle', NULL, '2026-04-04 10:30:00', '2026-04-04 10:30:00'),
(44, 15, '2026-07-17', 19.60, 20.01, 'Pilot expansion and stabilization', NULL, '2026-04-04 10:30:00', '2026-04-04 10:30:00'),
(45, 16, '2026-03-03', 50.40, 27.30, 'Mobilization and baseline setup', NULL, '2026-04-04 10:30:00', '2026-04-04 10:30:00'),
(46, 16, '2026-05-01', 39.20, 36.40, 'Implementation sprint and integration cycle', NULL, '2026-04-04 10:30:00', '2026-04-04 10:30:00'),
(47, 16, '2026-06-29', 22.40, 27.30, 'Pilot expansion and stabilization', NULL, '2026-04-04 10:30:00', '2026-04-04 10:30:00'),
(48, 17, '2026-04-28', 33.30, 10.08, 'Mobilization and baseline setup', NULL, '2026-04-04 10:30:00', '2026-04-04 10:30:00'),
(49, 17, '2026-06-26', 25.90, 13.44, 'Implementation sprint and integration cycle', NULL, '2026-04-04 10:30:00', '2026-04-04 10:30:00'),
(50, 17, '2026-08-24', 14.80, 10.08, 'Pilot expansion and stabilization', NULL, '2026-04-04 10:30:00', '2026-04-04 10:30:00'),
(51, 18, '2026-04-13', 42.75, 15.72, 'Mobilization and baseline setup', NULL, '2026-04-04 10:30:00', '2026-04-04 10:30:00'),
(52, 18, '2026-06-11', 33.25, 20.96, 'Implementation sprint and integration cycle', NULL, '2026-04-04 10:30:00', '2026-04-04 10:30:00'),
(53, 18, '2026-08-09', 19.00, 15.72, 'Pilot expansion and stabilization', NULL, '2026-04-04 10:30:00', '2026-04-04 10:30:00'),
(54, 19, '2026-05-21', 34.65, 8.07, 'Mobilization and baseline setup', NULL, '2026-04-04 10:30:00', '2026-04-04 10:30:00'),
(55, 19, '2026-07-19', 26.95, 10.76, 'Implementation sprint and integration cycle', NULL, '2026-04-04 10:30:00', '2026-04-04 10:30:00'),
(56, 19, '2026-09-16', 15.40, 8.07, 'Pilot expansion and stabilization', NULL, '2026-04-04 10:30:00', '2026-04-04 10:30:00'),
(57, 20, '2026-04-17', 23.40, 8.10, 'Mobilization and baseline setup', NULL, '2026-04-04 10:30:00', '2026-04-04 10:30:00'),
(58, 20, '2026-06-15', 18.20, 10.80, 'Implementation sprint and integration cycle', NULL, '2026-04-04 10:30:00', '2026-04-04 10:30:00'),
(59, 20, '2026-08-13', 10.40, 8.10, 'Pilot expansion and stabilization', NULL, '2026-04-04 10:30:00', '2026-04-04 10:30:00'),
(60, 21, '2026-04-02', 21.60, 10.74, 'Mobilization and baseline setup', NULL, '2026-04-04 10:30:00', '2026-04-04 10:30:00'),
(61, 21, '2026-05-31', 16.80, 14.32, 'Implementation sprint and integration cycle', NULL, '2026-04-04 10:30:00', '2026-04-04 10:30:00'),
(62, 21, '2026-07-29', 9.60, 10.74, 'Pilot expansion and stabilization', NULL, '2026-04-04 10:30:00', '2026-04-04 10:30:00'),
(63, 22, '2026-05-07', 27.45, 6.48, 'Mobilization and baseline setup', NULL, '2026-04-04 10:30:00', '2026-04-04 10:30:00'),
(64, 22, '2026-07-05', 21.35, 8.64, 'Implementation sprint and integration cycle', NULL, '2026-04-04 10:30:00', '2026-04-04 10:30:00'),
(65, 22, '2026-09-02', 12.20, 6.48, 'Pilot expansion and stabilization', NULL, '2026-04-04 10:30:00', '2026-04-04 10:30:00'),
(66, 23, '2026-03-27', 25.20, 13.32, 'Mobilization and baseline setup', NULL, '2026-04-04 10:30:00', '2026-04-04 10:30:00'),
(67, 23, '2026-05-25', 19.60, 17.76, 'Implementation sprint and integration cycle', NULL, '2026-04-04 10:30:00', '2026-04-04 10:30:00'),
(68, 23, '2026-07-23', 11.20, 13.32, 'Pilot expansion and stabilization', NULL, '2026-04-04 10:30:00', '2026-04-04 10:30:00');

ALTER TABLE `members` AUTO_INCREMENT = 24;
ALTER TABLE `users` AUTO_INCREMENT = 21;
ALTER TABLE `projects` AUTO_INCREMENT = 24;
ALTER TABLE `project_members` AUTO_INCREMENT = 100;
ALTER TABLE `milestones` AUTO_INCREMENT = 44;
ALTER TABLE `tasks` AUTO_INCREMENT = 207;
ALTER TABLE `project_finances` AUTO_INCREMENT = 69;

COMMIT;
